age,dependents,monthly_expenses,existing_savings,retirement_age_goal,years_to_retire,min_wage,max_wage,min_days,max_days,worst_income,best_income,expected_income,recommended_savings_amount,savings_rate,retirement_corpus,investment_type
27,2,7012,14628,55,28,371,473,18,20,6678,9460,8018,221,0.22,191967,PPF
22,0,6582,15247,55,33,558,916,10,20,5580,18320,11055,626,0.14,777129,PPF
54,1,10359,38618,61,7,442,495,12,25,5304,12375,8667,0,0.0,38618,PPF
47,2,5547,14110,60,13,472,574,11,19,5192,10906,7845,276,0.12,64983,Post Office RD
42,2,3711,47823,64,22,535,859,11,19,5885,16321,10455,809,0.12,441897,PPF
38,4,8925,37837,65,27,398,483,10,22,3980,10626,7048,0,0.0,37837,Post Office RD
34,0,6814,6619,59,25,494,686,17,24,8398,16464,12095,687,0.13,476087,PPF
42,2,13617,4679,58,16,387,710,13,17,5031,12070,8227,0,0.0,4679,PPF
49,2,13485,45099,61,12,585,747,15,17,8775,12699,10656,0,0.0,45099,PPF
34,2,9572,17546,55,21,333,491,15,20,4995,9820,7210,0,0.0,17546,Post Office RD
51,3,5340,17359,61,10,371,547,18,24,6678,13128,9639,645,0.15,105702,PPF
47,3,8930,14373,64,17,370,680,17,20,6290,13600,9712,196,0.25,69233,PPF
27,1,9916,39086,57,30,332,579,16,25,5312,14475,9337,0,0.0,39086,PPF
53,4,3188,44583,59,6,358,757,18,26,6444,19682,12265,1362,0.15,117689,PPF
41,2,10123,10365,56,15,532,583,14,24,7448,13992,10592,117,0.25,34026,PPF
52,2,13468,33270,56,4,401,529,15,19,6015,10051,7905,0,0.0,33270,Post Office RD
54,0,12813,21243,63,9,550,609,11,18,6050,10962,8402,0,0.0,21243,PPF
39,0,6946,37182,58,19,340,433,17,20,5780,8660,7150,61,0.3,25838,Post Office RD
54,1,13809,31148,57,3,581,715,14,24,8134,17160,12312,0,0.0,31148,PPF
47,4,6295,46723,58,11,459,713,15,24,6885,17112,11427,1437,0.28,267746,PPF
48,1,6681,4196,56,8,473,533,18,21,8514,11193,9808,688,0.22,84506,PPF
20,0,6750,4417,56,36,316,535,11,21,3476,11235,6808,9,0.15,13724,Post Office RD
51,4,5167,47405,58,7,592,937,17,22,10064,20614,14907,2532,0.26,263515,PPF
46,0,4588,43187,58,12,520,751,16,24,8320,18024,12710,1543,0.19,324262,PPF
23,0,3993,26386,65,42,473,578,13,18,6149,10404,8145,581,0.14,1318963,PPF
48,3,6006,18254,57,9,536,713,11,20,5896,14260,9679,955,0.26,136317,PPF
55,0,13684,35427,56,1,307,404,13,17,3991,6868,5332,0,0.0,35427,Post Office RD
46,3,6502,26282,62,16,330,464,16,18,5280,8352,6749,74,0.3,23761,Post Office RD
36,2,9930,45651,62,26,584,972,17,21,9928,20412,14782,679,0.14,507941,PPF
33,4,11883,3994,55,22,460,539,10,21,4600,11319,7742,0,0.0,3994,Post Office RD
50,4,5579,3727,63,13,560,651,12,15,6720,9765,8174,571,0.22,134440,PPF
35,0,12333,16135,61,26,596,950,10,21,5960,19950,11981,0,0.0,16135,PPF
25,4,12260,34261,61,36,461,644,13,25,5993,16100,10497,0,0.0,34261,PPF
40,2,9484,8577,58,18,453,737,15,18,6795,13266,9817,33,0.1,12783,PPF
26,4,6492,33153,56,30,435,552,15,18,6525,9936,8142,462,0.28,464086,PPF
43,1,10179,35600,59,16,454,817,18,20,8172,16340,12074,436,0.23,139996,PPF
55,0,5200,17332,59,4,359,463,18,21,6462,9723,8014,422,0.15,22829,PPF
33,1,13391,17300,60,27,558,858,14,16,7812,13728,10620,0,0.0,17300,PPF
25,3,7533,2889,65,40,301,521,12,24,3612,12504,7398,0,0.0,2889,Post Office RD
36,3,12038,46246,57,21,518,855,10,13,5180,11115,7894,0,0.0,46246,Post Office RD
24,4,3590,24196,57,33,598,930,12,20,7176,18600,12224,1122,0.13,1392873,PPF
39,0,8862,13767,60,21,427,818,11,18,4697,14724,9026,43,0.26,21624,PPF
46,1,6878,10649,64,18,390,651,10,14,3900,9114,6246,0,0.0,10649,Post Office RD
41,1,7371,10433,61,20,355,600,10,25,3550,15000,8356,187,0.19,86402,PPF
32,2,8000,14915,62,30,414,476,13,21,5382,9996,7565,0,0.0,14915,Post Office RD
41,0,7573,23012,59,18,560,814,18,22,10080,17908,13740,1788,0.29,692588,PPF
27,1,12512,17397,59,32,319,424,16,23,5104,9752,7244,0,0.0,17397,Post Office RD
40,4,11379,7578,61,21,497,842,13,19,6461,15998,10712,0,0.0,7578,PPF
22,0,11518,35287,61,39,400,636,16,19,6400,12084,9065,0,0.0,35287,PPF
41,2,13868,8167,64,23,453,762,14,26,6342,19812,12150,0,0.0,8167,PPF
46,3,7844,36333,60,14,365,513,16,24,5840,12312,8780,225,0.24,59019,PPF
31,4,7930,26612,64,33,580,630,14,20,8120,12600,10285,330,0.14,409668,PPF
40,3,10244,44277,62,22,409,720,17,21,6953,15120,10725,111,0.23,60631,PPF
38,4,8491,6120,63,25,420,814,14,19,5880,15466,10180,439,0.26,304224,PPF
29,0,7011,31138,55,26,337,620,16,21,5392,13020,8852,442,0.24,330648,PPF
44,3,6997,9671,62,18,302,406,16,21,4832,8526,6549,0,0.0,9671,Post Office RD
31,3,3822,36530,63,32,427,539,17,21,7259,11319,9177,1392,0.26,1611492,PPF
53,4,8198,49496,63,10,526,889,18,23,9468,20447,14503,1702,0.27,278923,PPF
55,1,10777,29495,62,7,432,608,14,24,6048,14592,9880,0,0.0,29495,PPF
51,1,7499,28827,65,14,339,535,13,19,4407,10165,6992,0,0.0,28827,Post Office RD
41,4,4320,9068,60,19,377,545,16,20,6032,10900,8298,955,0.24,404519,PPF
24,3,8421,35560,61,37,538,800,10,15,5380,12000,8362,0,0.0,35560,PPF
46,4,3320,37728,61,15,494,788,10,17,4940,13396,8653,853,0.16,248068,PPF
44,4,11947,39534,61,17,412,711,13,19,5356,13509,8984,0,0.0,39534,PPF
47,0,9371,22028,62,15,507,641,17,21,8619,13461,10906,460,0.3,133777,PPF
54,3,12697,36987,55,1,313,405,16,20,5008,8100,6462,0,0.0,36987,Post Office RD
49,0,7262,24844,57,8,467,625,17,24,7939,15000,11193,668,0.17,82049,PPF
44,3,7133,5367,59,15,540,599,18,20,9720,11980,10820,1106,0.3,321645,PPF
42,0,13678,2638,58,16,315,491,13,15,4095,7365,5642,0,0.0,2638,Post Office RD
29,1,10758,43873,58,29,358,696,13,22,4654,15312,9222,0,0.0,43873,PPF
36,1,12926,39796,60,24,358,491,14,17,5012,8347,6579,0,0.0,39796,Post Office RD
21,4,9149,25995,59,38,401,489,13,16,5213,7824,6452,0,0.0,25995,Post Office RD
39,4,4983,37088,65,26,321,548,18,23,5778,12604,8907,903,0.23,675509,PPF
24,2,3207,27528,63,39,550,654,16,23,8800,15042,11739,1962,0.23,3657515,PPF
49,3,5885,48090,57,8,567,950,14,25,7938,23750,14790,2315,0.26,284348,PPF
54,3,10136,47908,62,8,437,652,13,16,5681,10432,7895,0,0.0,47908,Post Office RD
37,1,10613,37345,62,25,494,716,10,19,4940,13604,8772,0,0.0,37345,PPF
40,3,6475,23253,57,17,432,656,14,25,6048,16400,10608,992,0.24,350405,PPF
37,0,11464,12521,63,26,343,516,16,25,5488,12900,8804,0,0.0,12521,PPF
55,3,13582,46651,58,3,551,830,10,13,5510,10790,7940,0,0.0,46651,Post Office RD
38,3,6986,20067,58,20,597,835,17,24,10149,20040,14678,1461,0.19,675042,PPF
55,2,10434,17754,60,5,456,634,13,16,5928,10144,7902,0,0.0,17754,Post Office RD
32,0,11779,49950,60,28,394,542,13,26,5122,14092,9126,0,0.0,49950,PPF
50,4,11595,39111,59,9,444,545,13,19,5772,10355,7912,0,0.0,39111,Post Office RD
34,1,7952,927,60,26,573,687,14,16,8022,10992,9450,434,0.29,324663,PPF
55,1,13450,49334,59,4,551,653,10,21,5510,13713,9331,0,0.0,49334,PPF
38,3,10216,22328,62,24,394,470,14,23,5516,10810,7992,0,0.0,22328,Post Office RD
27,3,11056,4855,56,29,595,967,10,14,5950,13538,9372,0,0.0,4855,PPF
29,2,4395,16265,64,35,360,695,16,21,5760,14595,9758,1394,0.26,1986046,PPF
44,3,7871,38569,62,18,519,725,10,21,5190,15225,9641,513,0.29,198712,PPF
26,1,7335,43281,58,32,341,471,13,17,4433,8007,6090,0,0.0,43281,Post Office RD
55,1,3043,26772,56,1,530,884,17,23,9010,20332,14140,1221,0.11,15062,PPF
38,3,4166,45048,59,21,419,604,13,21,5447,12684,8695,543,0.12,273061,PPF
34,1,7352,9321,65,31,336,416,12,26,4032,10816,7144,0,0.0,9321,Post Office RD
39,4,7728,28780,64,25,363,652,14,22,5082,14344,9135,408,0.29,282742,PPF
52,3,10172,5271,63,11,320,591,15,26,4800,15366,9337,0,0.0,5271,PPF
36,0,6750,44190,55,19,594,944,10,24,5940,22656,13073,1454,0.23,615885,PPF
37,0,5870,30834,64,27,565,948,17,23,9605,21804,15130,1296,0.14,1045285,NPS
47,3,4494,30802,65,18,478,737,15,22,7170,16214,11238,1551,0.23,600785,PPF
30,3,11117,18888,60,30,505,836,10,19,5050,15884,9722,0,0.0,18888,PPF
25,2,8296,7597,60,35,506,819,10,22,5060,18018,10600,622,0.27,886170,PPF
49,0,6073,33976,61,12,485,853,17,26,8245,22178,14383,2078,0.25,436692,PPF
33,4,5146,18876,59,26,524,822,11,13,5764,10686,8076,850,0.29,635861,PPF
35,2,12024,896,57,22,582,840,11,16,6402,13440,9598,0,0.0,896,PPF
27,0,13612,10090,62,35,555,754,18,25,9990,18850,14071,69,0.15,98305,PPF
50,1,10483,36127,62,12,374,620,13,24,4862,14880,9194,0,0.0,36127,PPF
52,0,7526,27193,57,5,474,783,14,16,6636,12528,9427,304,0.16,21210,PPF
39,4,13812,32089,64,25,376,654,18,23,6768,15042,10557,0,0.0,32089,PPF
42,4,11903,24720,60,18,533,747,13,26,6929,19422,12480,87,0.15,33700,PPF
44,3,3715,20852,58,14,542,787,16,20,8672,15740,11961,1649,0.2,432541,PPF
22,4,12669,21757,57,35,351,626,11,21,3861,13146,7816,0,0.0,21757,Post Office RD
49,1,9717,42911,55,6,379,467,17,23,6443,10741,8460,0,0.0,42911,PPF
41,3,13646,5263,64,23,468,863,18,23,8424,19849,13642,0,0.0,5263,PPF
40,3,11864,2352,65,25,335,505,14,19,4690,9595,6930,0,0.0,2352,Post Office RD
25,0,13383,46130,61,36,351,628,12,25,4212,15700,9055,0,0.0,46130,PPF
39,0,8314,3677,55,16,450,683,15,23,6750,15709,10763,318,0.13,102107,PPF
53,4,5950,11140,61,8,389,479,16,21,6224,10059,8029,416,0.2,51097,PPF
29,3,13451,16644,58,29,535,715,10,26,5350,18590,11250,0,0.0,16644,PPF
49,4,5588,4840,59,10,526,752,14,26,7364,19552,12780,2086,0.29,341852,PPF
36,2,6263,25211,62,26,547,651,13,21,7111,13671,10183,823,0.21,615663,PPF
38,0,13784,25939,59,21,440,494,10,26,4400,12844,8406,0,0.0,25939,PPF
51,1,12946,23089,59,8,412,787,13,24,5356,18888,11090,0,0.0,23089,PPF
36,1,13293,6367,65,29,320,528,17,19,5440,10032,7632,0,0.0,6367,Post Office RD
43,0,7835,21411,57,14,512,651,13,17,6656,11067,8722,231,0.26,60592,PPF
43,4,7465,10783,63,20,431,727,14,21,6034,15267,10132,693,0.26,320194,PPF
49,1,6696,44323,56,7,503,838,15,18,7545,15084,11063,1135,0.26,118124,PPF
20,4,5024,29804,59,39,488,882,14,25,6832,22050,13357,1500,0.18,2796265,PPF
43,1,10724,1640,56,13,587,804,13,25,7631,20100,13214,274,0.11,64513,PPF
49,3,4911,9160,59,10,323,392,14,23,4522,9016,6613,204,0.12,33431,Post Office RD
35,1,9367,29729,63,28,489,882,18,23,8802,20286,14052,1031,0.22,895556,PPF
29,0,11017,40347,61,32,508,701,10,23,5080,16123,9974,0,0.0,40347,PPF
43,3,10285,15473,58,15,485,585,15,25,7275,14625,10700,116,0.28,33735,PPF
42,3,7520,12439,55,13,362,644,11,23,3982,14812,8551,144,0.14,33904,PPF
21,2,6990,8252,55,34,589,744,11,26,6479,19344,12330,1335,0.25,1775982,PPF
33,1,6817,21532,64,31,375,730,10,16,3750,11680,7182,99,0.27,106802,Post Office RD
29,4,7106,11435,57,28,356,744,10,14,3560,10416,6600,0,0.0,11435,Post Office RD
20,1,12647,21218,60,40,308,447,14,16,4312,7152,5662,0,0.0,21218,Post Office RD
28,4,4862,48867,61,33,332,625,17,24,5644,15000,9809,989,0.2,1227764,PPF
26,4,6629,40311,62,36,322,709,18,22,5796,15598,10310,699,0.19,1065918,PPF
21,3,9580,27936,55,34,355,656,17,20,6035,13120,9351,0,0.0,27936,PPF
25,4,5430,4304,60,35,364,554,18,25,6552,13850,9868,754,0.17,1074232,PPF
53,3,11282,39677,59,6,520,620,11,26,5720,16120,10545,0,0.0,39677,PPF
55,3,10398,14974,58,3,511,734,17,25,8687,18350,13072,481,0.18,18921,PPF
26,3,8120,43588,60,34,430,671,12,24,5160,16104,9909,501,0.28,666492,PPF
24,0,4527,28303,56,32,349,589,12,22,4188,12958,7973,379,0.11,438761,Post Office RD
55,2,13977,8010,63,8,510,741,16,18,8160,13338,10633,0,0.0,8010,PPF
38,2,8761,6789,64,26,595,904,13,17,7735,15368,11242,571,0.23,427149,PPF
34,2,12113,24088,56,22,358,550,13,21,4654,11550,7718,0,0.0,24088,Post Office RD
55,4,13529,36486,64,9,313,674,14,16,4382,10784,7402,0,0.0,36486,Post Office RD
31,2,8567,23004,59,28,303,445,12,23,3636,10235,6545,0,0.0,23004,Post Office RD
45,1,13373,2009,56,11,346,667,13,21,4498,14007,8610,0,0.0,2009,PPF
46,2,5578,24251,62,16,459,675,11,13,5049,8775,6804,159,0.13,51054,Post Office RD
23,0,7458,29039,65,42,517,815,17,25,8789,20375,13986,979,0.15,2222487,PPF
52,2,10043,7267,56,4,445,842,17,23,7565,19366,12870,311,0.11,16824,PPF
45,0,3125,13397,64,19,454,612,12,26,5448,15912,10127,1050,0.15,444759,PPF
40,0,11149,48956,56,16,520,659,12,20,6240,13180,9432,0,0.0,48956,PPF
54,4,12154,43781,58,4,481,567,16,18,7696,10206,8908,0,0.0,43781,PPF
47,3,4275,20516,55,8,594,863,16,24,9504,20712,14570,1647,0.16,202299,PPF
45,2,5815,40509,55,10,535,770,11,19,5885,14630,9787,1072,0.27,175679,PPF
35,4,9560,34338,61,26,340,592,14,21,4760,12432,8155,0,0.0,34338,PPF
34,1,4251,33455,60,26,358,679,18,21,6444,14259,10110,1641,0.28,1227586,PPF
42,1,6871,6737,60,18,374,555,13,17,4862,9435,6967,21,0.22,8134,Post Office RD
24,3,10601,49443,57,33,588,934,17,24,9996,22416,15600,1350,0.27,1675917,NPS
40,3,4118,30731,57,17,526,899,14,20,7364,17980,12112,1759,0.22,621334,PPF
42,0,8085,30260,63,21,531,600,10,17,5310,10200,7634,0,0.0,30260,Post Office RD
38,0,13076,38933,56,18,559,805,17,19,9503,15295,12276,0,0.0,38933,PPF
48,1,8267,39649,64,16,543,849,12,14,6516,11886,9048,148,0.19,47522,PPF
41,4,13586,11308,56,15,320,496,17,26,5440,12896,8772,0,0.0,11308,PPF
53,4,5600,23848,63,10,490,684,16,24,7840,16416,11740,1535,0.25,251555,PPF
23,2,4079,21606,65,42,348,683,16,22,5568,15026,9794,857,0.15,1945527,PPF
29,0,12547,43490,60,31,372,601,14,26,5208,15626,9730,0,0.0,43490,PPF
45,4,4388,20288,57,12,586,828,15,19,8790,15732,12019,1755,0.23,368814,PPF
53,3,11331,23712,56,3,309,544,14,18,4326,9792,6824,0,0.0,23712,Post Office RD
33,3,6145,14846,60,27,370,499,11,17,4070,8483,6083,0,0.0,14846,Post Office RD
26,4,11626,2473,63,37,472,838,12,23,5664,19274,11462,0,0.0,2473,PPF
44,1,5962,45406,57,13,384,658,10,18,3840,11844,7294,226,0.17,53211,Post Office RD
35,4,7668,49308,62,27,529,698,18,21,9522,14658,11963,687,0.16,554098,PPF
50,2,12345,28874,58,8,536,730,16,26,8576,18980,13293,199,0.21,24443,PPF
30,4,5267,16384,58,28,326,704,17,24,5542,16896,10557,1111,0.21,965046,PPF
26,0,7670,5496,63,37,382,571,17,21,6494,11991,9053,373,0.27,608478,PPF
25,3,8727,1747,58,33,512,589,16,26,8192,15314,11560,482,0.17,598364,PPF
44,2,6678,1847,56,12,463,563,15,19,6945,10697,8721,266,0.13,55900,PPF
38,1,10685,29399,62,24,302,392,10,16,3020,6272,4511,0,0.0,29399,Post Office RD
33,4,12975,34588,57,24,516,622,14,19,7224,11818,9388,0,0.0,34588,PPF
39,0,6906,27513,56,17,534,616,11,26,5874,16016,10637,1045,0.28,369127,PPF
54,4,12421,15855,55,1,373,572,16,18,5968,10296,8032,0,0.0,15855,PPF
42,4,9825,12275,58,16,343,661,15,18,5145,11898,8283,0,0.0,12275,PPF
53,4,11316,36316,63,10,310,559,17,19,5270,10621,7821,0,0.0,36316,Post Office RD
44,2,3266,23402,60,16,334,560,13,26,4342,14560,8716,1254,0.23,402649,PPF
26,2,5185,2905,64,38,480,809,15,19,7200,15371,10956,1558,0.27,2717556,PPF
49,1,5209,4135,62,13,534,602,14,19,7476,11438,9372,458,0.11,107835,PPF
32,2,8080,33776,55,23,503,831,17,23,8551,19113,13340,579,0.11,342914,PPF
32,2,3783,42974,59,27,469,658,11,25,5159,16450,10143,1081,0.17,871877,PPF
45,3,8554,12243,62,17,554,858,15,25,8310,21450,14120,835,0.15,294948,PPF
25,0,10055,39482,61,36,392,721,14,21,5488,15141,9738,0,0.0,39482,PPF
26,2,13828,19375,56,30,456,734,16,20,7296,14680,10710,0,0.0,19375,PPF
48,3,3693,47632,60,12,480,844,16,22,7680,18568,12578,2044,0.23,429547,PPF
23,3,8952,33625,56,33,381,446,12,23,4572,10258,7236,0,0.0,33625,Post Office RD
48,1,4101,15466,55,7,487,722,16,18,7792,12996,10276,1358,0.22,141332,PPF
48,2,10273,5038,60,12,593,713,18,22,10674,15686,13060,502,0.18,105495,PPF
37,0,3424,48213,58,21,395,700,18,23,7110,16100,11223,2184,0.28,1098277,PPF
27,2,10311,14062,59,32,446,747,13,16,5798,11952,8649,0,0.0,14062,PPF
28,3,5828,46751,56,28,527,621,15,22,7905,13662,10619,1150,0.24,998923,PPF
55,2,7914,10322,63,8,389,624,18,21,7002,13104,9876,235,0.12,28865,PPF
32,1,11094,1722,57,25,484,817,15,24,7260,19608,12684,413,0.26,286207,PPF
55,4,4412,4308,57,2,458,711,17,25,7786,17775,12274,1966,0.25,49999,PPF
24,2,13524,4860,57,33,530,818,18,22,9540,17996,13480,0,0.0,4860,PPF
28,4,5981,8456,63,35,521,828,10,25,5210,20700,11803,699,0.12,995872,PPF
29,1,5653,21145,59,30,415,642,18,22,7470,14124,10570,1328,0.27,1333996,PPF
36,4,7496,8203,58,22,455,819,18,20,8190,16380,12103,921,0.2,503074,PPF
30,4,5526,11219,64,34,472,810,10,25,4720,20250,11217,1537,0.27,2044707,PPF
25,4,7336,42672,55,30,407,749,16,18,6512,13482,9826,498,0.2,500248,PPF
54,2,10912,16048,59,5,507,709,17,20,8619,14180,11248,81,0.24,5651,PPF
30,3,10933,30437,62,32,404,628,12,19,4848,11932,7998,0,0.0,30437,Post Office RD
40,3,5142,49850,60,20,489,802,18,20,8802,16040,12264,1140,0.16,526727,PPF
49,2,10366,16247,56,7,372,471,10,16,3720,7536,5479,0,0.0,16247,Post Office RD
44,3,7067,10466,64,20,467,812,15,20,7005,16240,11191,1031,0.25,476364,PPF
51,3,11171,20220,63,12,554,615,11,19,6094,11685,8767,0,0.0,20220,PPF
52,1,6524,38230,62,10,480,554,10,16,4800,8864,6721,39,0.2,6391,Post Office RD
50,4,3133,7044,59,9,520,638,14,21,7280,13398,10132,1750,0.25,249795,PPF
43,3,3838,37373,55,12,587,736,15,25,8805,18400,13230,1503,0.16,315856,PPF
44,3,12008,18331,63,19,360,475,11,19,3960,9025,6262,0,0.0,18331,Post Office RD
43,4,8990,49477,60,17,373,524,18,23,6714,12052,9194,41,0.2,14482,PPF
22,1,8456,31047,55,33,565,848,12,23,6780,19504,12363,1094,0.28,1358113,PPF
28,4,8218,10649,60,32,501,866,14,25,7014,21650,13328,869,0.17,1006025,PPF
52,3,12222,19647,63,11,543,601,15,22,8145,13222,10582,0,0.0,19647,PPF
27,4,8040,47534,61,34,313,668,17,23,5321,15364,9810,513,0.29,682456,PPF
34,4,10871,11174,55,21,568,940,16,20,9088,18800,13572,702,0.26,353018,PPF
35,4,4800,12503,55,20,309,584,15,23,4635,13432,8483,479,0.13,221318,PPF
33,4,13018,30907,61,28,331,451,18,21,5958,9471,7624,0,0.0,30907,Post Office RD
55,3,11609,24695,60,5,460,598,17,24,7820,14352,10844,0,0.0,24695,PPF
54,2,12995,31731,60,6,398,574,14,24,5572,13776,9234,0,0.0,31731,PPF
39,2,7735,46196,58,19,406,706,15,24,6090,16944,10842,528,0.17,223650,PPF
37,0,12395,44343,59,22,578,822,16,23,9248,18906,13650,364,0.29,198826,PPF
29,0,7712,46801,59,30,340,567,17,23,5780,13041,9070,340,0.25,341535,PPF
33,4,7442,36832,58,25,439,559,11,22,4829,12298,8233,198,0.25,137213,PPF
35,0,13974,34802,58,23,415,791,13,15,5395,11865,8442,0,0.0,34802,PPF
26,2,10739,6589,61,35,370,422,18,21,6660,8862,7722,0,0.0,6589,Post Office RD
46,3,10822,42633,65,19,402,599,15,21,6030,12579,9009,0,0.0,42633,PPF
23,4,6804,35071,56,33,319,458,16,20,5104,9160,6993,55,0.29,68278,Post Office RD
22,3,6052,49086,61,39,448,517,10,16,4480,8272,6272,46,0.21,85752,Post Office RD
26,2,10444,42029,60,34,578,896,17,21,9826,18816,14003,961,0.27,1278441,PPF
49,1,4845,21671,59,10,383,667,14,18,5362,12006,8400,356,0.1,58341,PPF
41,4,6164,11501,59,18,507,775,18,22,9126,17050,12820,799,0.12,309495,PPF
26,1,10822,21207,57,31,427,480,14,22,5978,10560,8163,0,0.0,21207,PPF
35,2,8400,19788,62,27,598,941,10,16,5980,15056,10003,369,0.23,297616,PPF
35,0,10625,20106,55,20,381,638,18,25,6858,15950,10954,82,0.25,37887,PPF
27,2,9021,40280,65,38,413,575,12,21,4956,12075,8151,0,0.0,40280,PPF
29,4,9121,27252,62,33,581,872,18,26,10458,22672,15983,1578,0.23,1958960,NPS
33,4,4341,34439,58,25,528,848,15,18,7920,15264,11352,1963,0.28,1360347,PPF
27,4,11281,13248,55,28,593,917,12,16,7116,14672,10570,0,0.0,13248,PPF
40,3,4904,44583,63,23,405,753,17,20,6885,15060,10711,1626,0.28,963001,PPF
48,3,5161,33636,55,7,512,795,10,20,5120,15900,9802,882,0.19,91793,PPF
39,3,7169,197,55,16,411,757,11,13,4521,9841,7008,0,0.0,197,Post Office RD
47,0,11866,3948,60,13,335,626,10,16,3350,10016,6246,0,0.0,3948,Post Office RD
46,1,13510,47794,57,11,515,756,16,25,8240,18900,13027,0,0.0,47794,PPF
44,0,13842,35343,61,17,368,752,15,18,5520,13536,9240,0,0.0,35343,PPF
31,3,11664,8345,63,32,414,465,10,16,4140,7440,5713,0,0.0,8345,Post Office RD
49,4,9948,34860,65,16,494,661,13,22,6422,14542,10106,27,0.17,8669,PPF
37,0,3527,43266,58,21,514,878,10,15,5140,13170,8700,724,0.14,364081,PPF
26,0,10314,39176,64,38,324,499,10,18,3240,8982,5761,0,0.0,39176,Post Office RD
48,4,6559,49439,58,10,328,449,18,22,5904,9878,7770,182,0.15,29826,Post Office RD
40,4,8253,15525,64,24,454,577,18,21,8172,12117,10052,324,0.18,207722,PPF
37,4,12693,48182,55,18,389,759,16,26,6224,19734,12054,0,0.0,48182,PPF
51,2,13540,43997,55,4,495,813,15,23,7425,18699,12426,0,0.0,43997,PPF
46,2,9167,12050,57,11,575,867,13,18,7475,15606,11175,321,0.16,59810,PPF
29,0,12214,27045,62,33,513,848,18,21,9234,17808,13269,190,0.18,235870,PPF
36,2,13595,5181,58,22,530,769,11,21,5830,16149,10392,0,0.0,5181,PPF
32,2,9179,44149,55,23,320,407,13,24,4160,9768,6724,0,0.0,44149,Post Office RD
55,3,6422,21821,58,3,455,512,13,18,5915,9216,7494,311,0.29,12234,Post Office RD
27,1,12902,46122,62,35,404,657,13,23,5252,15111,9549,0,0.0,46122,PPF
40,3,10639,34973,59,19,483,690,14,21,6762,14490,10263,0,0.0,34973,PPF
52,3,4615,47344,62,10,540,753,13,20,7020,15060,10667,968,0.16,158635,PPF
22,1,5390,1062,64,42,433,766,16,22,6928,16852,11390,780,0.13,1770725,PPF
41,3,12335,16104,58,17,555,886,15,21,8325,18606,12969,158,0.25,55811,PPF
51,3,10550,11025,65,14,480,616,12,25,5760,15400,10138,0,0.0,11025,PPF
54,1,11882,42061,62,8,330,648,10,25,3300,16200,8557,0,0.0,42061,PPF
24,0,3104,27026,65,41,370,742,13,16,4810,11872,8062,1190,0.24,2530722,PPF
20,4,10471,24458,58,38,330,696,17,26,5610,18096,11029,56,0.1,97679,PPF
54,3,3194,1096,63,9,571,761,18,22,10278,16742,13320,1013,0.1,144596,PPF
47,0,4578,34366,57,10,376,549,13,24,4888,13176,8556,835,0.21,136839,PPF
42,3,4294,24448,59,17,507,792,13,26,6591,20592,12665,1256,0.15,443658,PPF
25,0,4531,26560,65,40,494,737,18,23,8892,16951,12617,889,0.11,1770435,PPF
20,0,11189,28436,57,37,469,808,11,21,5159,16968,10216,0,0.0,28436,PPF
22,1,12286,31162,58,36,438,511,11,23,4818,11753,8066,0,0.0,31162,PPF
37,4,13782,2156,63,26,391,602,10,15,3910,9030,6206,0,0.0,2156,Post Office RD
29,0,7903,10646,61,32,588,761,16,26,9408,19786,14164,1064,0.17,1231772,PPF
28,4,8666,3519,56,28,350,623,13,16,4550,9968,7054,0,0.0,3519,Post Office RD
41,4,12758,25998,64,23,467,532,14,23,6538,12236,9240,0,0.0,25998,PPF
51,2,12060,24603,58,7,521,666,16,19,8336,12654,10386,0,0.0,24603,PPF
38,0,4344,17561,58,20,378,622,12,25,4536,15550,9250,883,0.18,407982,PPF
43,0,3085,20202,56,13,527,761,14,17,7378,12937,9982,897,0.13,211196,PPF
31,3,12125,36355,61,30,562,820,11,13,6182,10660,8292,0,0.0,36355,PPF
25,4,4524,39120,60,35,466,713,10,16,4660,11408,7663,565,0.18,804961,Post Office RD
25,1,12370,34151,63,38,386,786,16,20,6176,15720,10548,0,0.0,34151,PPF
28,2,7397,32317,59,31,374,456,12,20,4488,9120,6640,0,0.0,32317,Post Office RD
37,2,10933,5041,61,24,484,662,13,26,6292,17212,11173,55,0.23,35261,PPF
32,0,5219,19966,62,30,303,555,15,26,4545,14430,8794,644,0.18,646908,PPF
41,2,10055,42666,62,21,369,572,15,26,5535,14872,9645,0,0.0,42666,PPF
32,2,5910,26099,62,30,463,662,17,22,7871,14564,10968,860,0.17,863883,PPF
37,2,4865,36952,61,24,402,755,18,21,7236,15855,11280,1540,0.24,987318,PPF
55,3,6434,28734,55,0,449,534,16,25,7184,13350,10075,473,0.13,28734,PPF
39,2,13791,10101,58,19,516,759,11,20,5676,15180,9881,0,0.0,10101,PPF
50,3,11755,33201,64,14,514,842,10,24,5140,20208,11526,0,0.0,33201,PPF
43,4,13455,5569,63,20,355,532,15,19,5325,10108,7539,0,0.0,5569,Post Office RD
22,3,8432,28210,64,42,354,409,11,17,3894,6953,5341,0,0.0,28210,Post Office RD
34,4,12142,38044,63,29,594,757,17,24,10098,18168,13847,307,0.18,286904,PPF
52,2,3402,31638,57,5,353,554,16,19,5648,10526,7936,544,0.12,37955,Post Office RD
29,2,8620,29840,60,31,405,721,17,24,6885,17304,11541,584,0.2,630023,PPF
48,2,4100,19678,62,14,322,430,10,25,3220,10750,6580,422,0.17,110693,Post Office RD
26,1,6996,33816,65,39,389,721,12,19,4668,13699,8602,337,0.21,628228,PPF
49,3,13317,12088,58,9,395,772,16,24,6320,18528,11670,0,0.0,12088,PPF
21,1,10365,38810,64,43,519,768,10,23,5190,17664,10617,35,0.14,84788,PPF
37,4,4667,35185,56,19,395,632,15,20,5925,12640,8986,821,0.19,347759,PPF
36,3,11646,41884,65,29,460,815,16,24,7360,19560,12750,243,0.22,227093,PPF
42,3,13114,11306,60,18,452,816,11,23,4972,18768,10778,0,0.0,11306,PPF
28,0,6908,20013,60,32,359,502,15,19,5385,9538,7318,82,0.2,94930,Post Office RD
46,1,12417,25146,64,18,516,661,17,21,8772,13881,11181,0,0.0,25146,PPF
55,3,7732,9194,57,2,395,606,17,19,6715,11514,9009,345,0.27,8774,PPF
20,1,6196,25162,62,42,587,895,17,25,9979,22375,15561,2248,0.24,5103320,NPS
46,3,5740,5417,62,16,589,654,13,19,7657,12426,9944,462,0.11,148344,PPF
34,2,5755,29971,63,29,589,892,18,24,10602,21408,15550,1175,0.12,1098084,NPS
27,4,9010,35523,59,32,321,596,18,21,5778,12516,8940,0,0.0,35523,PPF
47,1,7877,2112,56,9,530,714,15,18,7950,12852,10263,453,0.19,64661,PPF
27,1,12632,45163,58,31,479,841,16,20,7664,16820,11880,0,0.0,45163,PPF
28,1,3972,37360,58,30,479,801,14,25,6706,20025,12480,1787,0.21,1795068,PPF
40,2,12383,17520,59,19,563,960,11,15,6193,14400,9899,0,0.0,17520,PPF
46,2,13746,8315,55,9,367,544,12,25,4404,13600,8426,0,0.0,8315,PPF
40,3,11019,9317,58,18,595,968,14,26,8330,25168,15630,830,0.18,321503,NPS
48,0,9600,33791,56,8,442,680,17,26,7514,17680,12061,418,0.17,51342,PPF
20,3,13401,43525,56,36,483,565,18,23,8694,12995,10742,0,0.0,43525,PPF
33,1,11105,17598,61,28,465,660,15,25,6975,16500,11250,32,0.22,27796,PPF
51,0,3752,6525,60,9,535,593,11,26,5885,15418,10434,869,0.13,124041,PPF
49,3,6314,45127,55,6,367,749,14,18,5138,13482,8928,706,0.27,61005,PPF
37,2,7102,5401,56,19,490,880,12,14,5880,12320,8905,325,0.18,137663,PPF
39,3,13739,5976,58,19,348,398,13,22,4524,8756,6527,0,0.0,5976,Post Office RD
24,4,6705,34042,57,33,527,581,10,23,5270,13363,9141,414,0.17,513948,PPF
27,1,10826,4641,61,34,417,663,11,24,4587,15912,9450,0,0.0,4641,PPF
26,2,9022,19611,56,30,370,615,12,24,4440,14760,8865,0,0.0,19611,PPF
29,4,12228,555,56,27,384,659,15,20,5760,13180,9126,0,0.0,555,PPF
29,4,10248,14237,61,32,344,445,12,26,4128,11570,7495,0,0.0,14237,Post Office RD
27,3,8759,28140,64,37,461,582,13,19,5993,11058,8344,0,0.0,28140,PPF
25,4,12846,39322,58,33,445,508,14,19,6230,9652,7862,0,0.0,39322,Post Office RD
53,4,6090,49010,64,11,500,701,10,24,5000,16824,10208,1153,0.28,214830,PPF
35,3,4847,15799,62,27,555,931,11,21,6105,19551,11888,1971,0.28,1589704,PPF
20,2,5162,25351,60,40,591,856,15,25,8865,21400,14470,2234,0.24,4448990,PPF
50,0,12623,4425,56,6,307,491,13,15,3991,7365,5586,0,0.0,4425,Post Office RD
23,4,7693,41194,61,38,556,818,16,24,8896,19632,13740,726,0.12,1266332,PPF
54,4,5501,18184,63,9,342,550,11,21,3762,11550,7136,458,0.28,65375,Post Office RD
29,2,9401,38432,63,34,333,541,16,21,5328,11361,8084,0,0.0,38432,PPF
23,0,10118,7601,58,35,532,895,10,16,5320,14320,9275,0,0.0,7601,PPF
31,0,5248,45973,56,25,305,438,17,24,5185,10512,7615,473,0.2,327786,Post Office RD
36,2,5079,49137,57,21,437,547,10,17,4370,9299,6642,406,0.26,204167,Post Office RD
37,0,7308,46682,63,26,595,966,11,20,6545,19320,12097,910,0.19,680745,PPF
43,3,12287,10936,55,12,488,618,14,17,6832,10506,8571,0,0.0,10936,PPF
27,4,3042,2886,58,31,306,481,10,19,3060,9139,5705,453,0.17,488700,Post Office RD
29,0,12058,46794,57,28,514,678,15,20,7710,13560,10430,0,0.0,46794,PPF
46,2,4276,37456,60,14,490,601,18,25,8820,15025,11728,2087,0.28,547430,PPF
31,4,3752,26275,58,27,335,623,14,20,4690,12460,8143,746,0.17,601684,PPF
55,0,9044,13151,62,7,449,787,14,25,6286,19675,12051,451,0.15,46937,PPF
43,3,6201,48002,64,21,579,754,12,14,6948,10556,8664,714,0.29,359052,PPF
21,4,8675,41677,58,37,304,525,10,24,3040,12600,7046,0,0.0,41677,Post Office RD
44,0,6361,34721,59,15,421,685,17,19,7157,13015,9954,1042,0.29,303033,PPF
29,0,3719,15169,59,30,566,827,15,24,8490,19848,13581,2860,0.29,2872913,PPF
25,0,11280,8749,64,39,501,589,10,18,5010,10602,7630,0,0.0,8749,Post Office RD
28,2,7276,20644,58,30,501,718,15,24,7515,17232,11885,691,0.15,694120,PPF
24,1,12579,7141,58,34,379,483,12,21,4548,10143,7111,0,0.0,7141,Post Office RD
49,3,4978,35122,60,11,483,639,17,23,8211,14697,11220,1186,0.19,220979,PPF
27,1,7984,46183,56,29,320,480,15,19,4800,9120,6800,0,0.0,46183,Post Office RD
25,2,9492,33650,58,33,325,721,14,20,4550,14420,8891,0,0.0,33650,PPF
31,3,10408,36434,55,24,581,758,11,20,6391,15160,10377,0,0.0,36434,PPF
26,0,3195,4041,57,31,413,529,13,21,5369,11109,8007,818,0.17,882464,PPF
25,4,7240,4914,64,39,311,394,13,25,4043,9850,6697,0,0.0,4914,Post Office RD
48,0,8432,8029,57,9,321,607,10,14,3210,8498,5568,0,0.0,8029,Post Office RD
47,3,3483,25082,61,14,518,656,15,20,7770,13120,10272,1901,0.28,498641,PPF
37,3,5435,2270,59,22,425,806,14,23,5950,18538,11386,1071,0.18,585008,PPF
55,0,4437,18335,62,7,496,616,16,21,7936,12936,10286,1345,0.23,139979,PPF
53,4,3319,25067,58,5,483,778,18,26,8694,20228,13871,2110,0.2,147215,PPF
52,3,7430,11784,60,8,313,526,13,15,4069,7890,5873,0,0.0,11784,Post Office RD
37,3,11674,23424,55,18,599,768,12,15,7188,11520,9227,0,0.0,23424,PPF
35,1,7366,34975,65,30,328,490,16,23,5248,11270,7975,177,0.29,177799,Post Office RD
31,1,12707,20840,57,26,483,835,10,23,4830,19205,10873,0,0.0,20840,PPF
42,4,5328,36903,64,22,396,698,18,22,7128,15356,10940,786,0.14,429334,PPF
22,0,6811,39430,56,34,412,472,18,23,7416,10856,9061,225,0.1,299323,PPF
32,2,5907,21206,57,25,330,391,12,23,3960,8993,6308,96,0.24,66527,Post Office RD
29,4,8978,4753,56,27,491,880,16,19,7856,16720,11996,513,0.17,413759,PPF
40,1,10157,41894,57,17,549,931,15,19,8235,17689,12580,582,0.24,205581,PPF
55,2,6657,43616,64,9,389,632,14,20,5446,12640,8678,263,0.13,37541,PPF
20,3,12297,2122,64,44,393,751,15,26,5895,19526,11726,0,0.0,2122,PPF
34,4,4705,32517,65,31,372,591,11,16,4092,9456,6500,305,0.17,329036,Post Office RD
40,0,13977,41884,57,17,471,749,10,16,4710,11984,7930,0,0.0,41884,Post Office RD
33,0,8742,16820,58,25,355,405,10,18,3550,7290,5320,0,0.0,16820,Post Office RD
48,1,9783,32314,61,13,493,722,18,23,8874,16606,12453,320,0.12,75343,PPF
50,1,5664,29575,64,14,337,404,14,16,4718,6464,5557,0,0.0,29575,Post Office RD
40,0,4215,22400,59,19,387,629,12,25,4644,15725,9398,622,0.12,263467,PPF
25,4,13053,31636,60,35,315,585,12,23,3780,13455,7875,0,0.0,31636,Post Office RD
47,0,4659,21698,57,10,405,552,16,26,6480,14352,10048,1293,0.24,211896,PPF
54,2,7872,15567,59,5,349,424,16,26,5584,11024,8116,66,0.27,4605,PPF
29,2,3062,28023,55,26,344,544,17,22,5848,11968,8658,672,0.12,502704,PPF
33,2,4342,31035,57,24,359,566,16,25,5744,14150,9481,1028,0.2,659067,PPF
36,4,9349,12116,56,20,489,734,15,19,7335,13946,10395,199,0.19,91946,PPF
36,3,7315,14827,62,26,437,775,10,14,4370,10850,7272,0,0.0,14827,Post Office RD
26,2,11871,27131,56,30,416,749,10,25,4160,18725,10193,0,0.0,27131,PPF
44,3,11773,45027,63,19,543,886,13,22,7059,19492,12503,117,0.16,49559,PPF
45,4,12358,33870,55,10,592,988,12,15,7104,14820,10665,0,0.0,33870,PPF
48,1,6471,12630,57,9,364,435,16,19,5824,8265,6991,156,0.3,22267,Post Office RD
47,1,12749,16900,58,11,463,547,11,19,5093,10393,7575,0,0.0,16900,Post Office RD
55,4,8343,18101,61,6,566,850,10,24,5660,20400,12036,886,0.24,76558,PPF
53,0,9790,9806,61,8,375,715,11,14,4125,10010,6812,0,0.0,9806,Post Office RD
26,4,8633,26928,59,33,435,681,17,26,7395,17706,11997,370,0.11,459325,PPF
37,1,13129,39888,61,24,505,574,16,23,8080,13202,10520,0,0.0,39888,PPF
35,3,7400,24408,55,20,310,532,14,20,4340,10640,7157,0,0.0,24408,Post Office RD
37,0,6734,8807,62,25,453,729,15,21,6795,15309,10638,976,0.25,676362,PPF
25,3,6463,26684,58,33,548,862,15,17,8220,14654,11280,963,0.2,1195487,PPF
30,2,11303,26436,56,26,369,687,10,14,3690,9618,6336,0,0.0,26436,Post Office RD
32,0,7087,2167,58,26,533,608,15,20,7995,12160,9983,434,0.15,324663,PPF
49,3,13410,8118,63,14,315,488,15,24,4725,11712,7829,0,0.0,8118,Post Office RD
48,3,12615,36132,57,9,479,705,12,18,5748,12690,8880,0,0.0,36132,PPF
25,0,9333,3253,59,34,383,725,13,18,4979,13050,8587,0,0.0,3253,PPF
34,1,7408,42702,65,31,509,821,10,25,5090,20525,11637,1100,0.26,1186688,PPF
20,1,13606,11350,62,42,304,468,14,25,4256,11700,7527,0,0.0,11350,Post Office RD
39,2,9943,24672,65,26,478,763,14,19,6692,14497,10238,56,0.19,41892,PPF
53,3,12576,6705,64,11,303,614,15,25,4545,15350,9170,0,0.0,6705,PPF
38,0,10892,4183,59,21,472,663,15,21,7080,13923,10215,0,0.0,4183,PPF
36,2,6086,9825,65,29,564,737,10,24,5640,17688,11058,1342,0.27,1254152,PPF
45,2,5292,47270,65,20,313,698,17,23,5321,16054,10110,723,0.15,334056,PPF
46,3,3578,38209,61,15,592,739,15,20,8880,14780,11646,1936,0.24,563025,PPF
50,2,11311,19673,65,15,387,773,18,21,6966,16233,11310,0,0.0,19673,PPF
38,3,5096,48556,56,18,432,768,12,24,5184,18432,10800,1597,0.28,618603,PPF
25,2,6659,48772,58,33,457,722,15,22,6855,15884,10905,637,0.15,790784,PPF
38,0,10709,3517,62,24,598,945,11,20,6578,18900,11958,350,0.28,224391,PPF
52,3,11680,19553,56,4,511,588,12,16,6132,9408,7693,0,0.0,19553,Post Office RD
32,3,12329,29987,60,28,373,584,12,26,4476,15184,9091,0,0.0,29987,PPF
25,2,13338,11588,62,37,460,834,10,12,4600,10008,7117,0,0.0,11588,Post Office RD
48,1,5762,37767,59,11,381,681,11,15,4191,10215,6903,251,0.22,46767,Post Office RD
47,3,10821,25121,61,14,302,371,18,21,5436,7791,6561,0,0.0,25121,Post Office RD
43,2,11700,12489,55,12,309,705,10,22,3090,15510,8112,0,0.0,12489,PPF
35,2,8113,8449,58,23,352,598,18,24,6336,14352,9975,298,0.16,176491,PPF
24,2,7764,29879,55,31,566,921,18,22,10188,20262,14870,1350,0.19,1456389,PPF
28,3,8885,49159,60,32,396,530,16,18,6336,9540,7871,0,0.0,49159,Post Office RD
34,1,6460,48108,58,24,311,662,18,21,5598,13902,9486,363,0.12,232725,PPF
22,2,11761,40837,61,39,324,678,10,22,3240,14916,8016,0,0.0,40837,PPF
26,0,3790,45203,65,39,359,622,17,25,6103,15550,10300,781,0.12,1455922,PPF
36,1,6366,45560,62,26,304,508,16,19,4864,9652,7105,170,0.23,127172,Post Office RD
37,4,5247,27448,64,27,353,664,11,17,3883,11288,7119,225,0.12,181473,Post Office RD
26,1,12977,13090,62,36,434,751,13,20,5642,15020,9776,0,0.0,13090,PPF
46,1,3645,35922,59,13,554,710,17,24,9418,17040,12956,1397,0.15,328920,PPF
20,0,4809,37627,65,45,552,678,11,25,6072,16950,11070,1252,0.2,3450503,PPF
26,1,10483,19400,59,33,435,722,10,13,4350,9386,6652,0,0.0,19400,Post Office RD
31,2,8901,44352,55,24,460,728,11,14,5060,10192,7425,0,0.0,44352,Post Office RD
22,1,13868,42414,55,33,387,605,15,24,5805,14520,9672,0,0.0,42414,PPF
37,2,8615,11984,56,19,358,613,16,25,5728,15325,9952,201,0.15,85140,PPF
44,3,13630,10930,62,18,357,474,10,25,3570,11850,7271,0,0.0,10930,Post Office RD
30,3,12678,31632,56,26,591,988,17,21,10047,20748,15000,511,0.22,382265,NPS
42,0,5140,31659,64,22,549,656,16,25,8784,16400,12351,793,0.11,433157,PPF
36,2,3202,46174,65,29,568,913,13,25,7384,22825,14069,2934,0.27,2741938,PPF
53,4,4560,28367,63,10,427,723,15,23,6405,16629,10925,827,0.13,135528,PPF
55,0,3190,42165,64,9,380,688,17,26,6460,17888,11481,2239,0.27,319595,PPF
24,2,6946,21685,62,38,442,517,18,21,7956,10857,9350,505,0.21,880851,PPF
44,1,4291,30087,61,17,527,870,17,20,8959,17400,12922,2330,0.27,823028,PPF
48,0,11148,48839,60,12,309,411,16,24,4944,9864,7200,0,0.0,48839,Post Office RD
22,4,3002,5956,63,41,455,765,18,21,8190,16065,11895,2045,0.23,4349014,PPF
49,2,3889,14609,60,11,532,751,18,26,9576,19526,14113,2249,0.22,419040,PPF
50,2,10414,7472,65,15,349,736,13,15,4537,11040,7595,0,0.0,7472,Post Office RD
41,2,11973,34208,60,19,491,595,10,26,4910,15470,9774,0,0.0,34208,PPF
30,1,9704,7009,62,32,430,792,13,18,5590,14256,9470,0,0.0,7009,PPF
27,1,10488,12489,61,34,473,578,16,18,7568,10404,8933,0,0.0,12489,PPF
27,3,13788,38621,62,35,558,676,17,19,9486,12844,11106,0,0.0,38621,PPF
53,4,10091,38346,55,2,547,857,12,25,6564,21425,12987,637,0.22,16200,PPF
28,3,13772,39357,56,28,464,772,16,24,7424,18528,12360,0,0.0,39357,PPF
35,3,8617,19278,59,24,531,649,12,20,6372,12980,9440,181,0.22,116042,PPF
52,4,8143,46653,59,7,583,956,13,18,7579,17208,11927,530,0.14,55159,PPF
38,2,5173,46556,65,27,391,698,18,25,7038,17450,11706,1503,0.23,1212240,PPF
27,4,10870,38194,60,33,592,983,16,26,9472,25558,16537,907,0.16,1125968,NPS
47,4,4744,1656,55,8,495,619,10,22,4950,13618,8912,458,0.11,56255,PPF
37,2,7105,9596,57,20,331,532,13,23,4303,12236,7767,73,0.11,33729,Post Office RD
48,4,12205,14700,56,8,587,836,13,23,7631,19228,12807,157,0.26,19284,PPF
38,0,9251,25398,65,27,513,913,15,25,7695,22825,14260,551,0.11,444407,PPF
36,4,10259,14781,58,22,488,839,18,25,8784,20975,14265,881,0.22,481225,PPF
32,3,5906,44738,59,27,338,483,12,25,4056,12075,7594,338,0.2,272613,Post Office RD
44,3,7572,36477,55,11,435,551,12,23,5220,12673,8627,285,0.27,53102,PPF
20,3,5536,2617,60,40,378,593,10,24,3780,14232,8253,788,0.29,1569295,PPF
39,4,12013,23467,62,23,337,549,18,21,6066,11529,8638,0,0.0,23467,PPF
31,0,11276,10444,63,32,512,840,18,23,9216,19320,13858,310,0.12,358881,PPF
34,2,8424,23645,58,24,450,611,18,23,8100,14053,10875,735,0.3,471220,PPF
20,2,10301,15751,56,36,424,494,15,23,6360,11362,8721,0,0.0,15751,PPF
27,2,11851,47446,61,34,444,506,18,26,7992,13156,10450,0,0.0,47446,PPF
43,4,10300,31903,63,20,322,523,13,20,4186,10460,6971,0,0.0,31903,Post Office RD
52,0,5742,35256,56,4,573,626,11,16,6303,10016,8093,541,0.23,29267,PPF
33,3,4702,13472,65,32,575,847,11,24,6325,20328,12442,1858,0.24,2150971,PPF
21,2,3620,5735,62,41,337,414,12,26,4044,10764,7134,527,0.15,1120748,Post Office RD
24,1,7237,26714,64,40,498,778,16,24,7968,18672,12760,884,0.16,1760478,PPF
44,0,11762,386,65,21,332,681,10,23,3320,15663,8357,0,0.0,386,PPF
24,4,4738,18994,60,36,454,814,11,17,4994,13838,8876,1034,0.25,1576766,PPF
48,3,13825,2019,61,13,542,672,18,21,9756,14112,11836,0,0.0,2019,PPF
28,4,7832,41552,61,33,373,575,15,17,5595,9775,7584,0,0.0,41552,Post Office RD
55,1,5019,2737,63,8,302,645,16,26,4832,16770,9943,1034,0.21,127005,PPF
25,1,8633,13876,59,34,511,891,18,21,9198,18711,13669,655,0.13,871362,PPF
34,2,6183,7511,64,30,392,785,10,25,3920,19625,10298,1029,0.25,1033646,PPF
55,4,4198,19048,62,7,334,512,11,16,3674,8192,5710,378,0.25,39340,Post Office RD
51,2,5100,43994,60,9,420,521,14,25,5880,13025,9174,448,0.11,63947,PPF
32,3,10383,21518,60,28,456,805,12,23,5472,18515,11033,136,0.21,118133,PPF
40,1,3079,20526,61,21,426,589,16,22,6816,12958,9642,1772,0.27,891093,PPF
28,2,10863,30333,65,37,528,761,14,23,7392,17503,11923,223,0.21,363782,PPF
31,4,4343,18390,65,34,371,696,13,19,4823,13224,8536,1048,0.25,1394179,PPF
24,0,11309,41394,56,32,315,662,16,21,5040,13902,9037,0,0.0,41394,PPF
22,2,11904,35368,63,41,541,925,12,19,6492,17575,11361,0,0.0,35368,PPF
45,4,7767,8774,58,13,537,843,18,20,9666,16860,13110,962,0.18,226500,PPF
52,1,13060,44837,55,3,384,697,12,21,4608,14637,8918,0,0.0,44837,PPF
30,4,12270,43215,57,27,374,671,15,17,5610,11407,8360,0,0.0,43215,PPF
34,1,4029,17324,62,28,489,658,10,22,4890,14476,9176,721,0.14,626281,PPF
43,3,10448,3043,61,18,320,702,15,18,4800,12636,8431,0,0.0,3043,PPF
53,2,7314,37921,65,12,578,919,12,20,6936,18380,11976,1072,0.23,225281,PPF
43,0,11465,16487,64,21,492,656,18,23,8856,15088,11767,51,0.17,25647,PPF
42,3,12899,432,62,20,556,677,17,21,9452,14217,11713,0,0.0,432,PPF
34,4,13542,18403,56,22,408,534,12,16,4896,8544,6594,0,0.0,18403,Post Office RD
43,0,13831,15095,64,21,512,731,11,20,5632,14620,9633,0,0.0,15095,PPF
50,1,12679,10567,62,12,510,571,13,15,6630,8565,7567,0,0.0,10567,Post Office RD
28,4,5639,8829,64,36,562,632,12,14,6744,8848,7761,276,0.13,420878,Post Office RD
31,3,12819,36936,63,32,309,697,14,17,4326,11849,7796,0,0.0,36936,Post Office RD
33,4,10723,31566,62,29,387,549,16,20,6192,10980,8424,0,0.0,31566,PPF
31,4,7333,10991,64,33,475,757,11,16,5225,12112,8316,177,0.18,219731,PPF
28,0,6315,34256,56,28,558,958,16,20,8928,19160,13644,1612,0.22,1400229,PPF
31,4,12827,2558,62,31,572,879,11,14,6292,12306,9068,0,0.0,2558,PPF
50,1,12887,35342,65,15,300,697,16,26,4800,18122,10468,0,0.0,35342,PPF
46,0,11680,28112,60,14,417,713,16,23,6672,16399,11017,0,0.0,28112,PPF
26,1,7170,31269,61,35,419,511,14,25,5866,12775,9067,531,0.28,756521,PPF
46,1,3089,46474,59,13,303,648,18,20,5454,12960,9034,1189,0.2,279947,PPF
44,1,8175,26794,65,21,485,589,12,20,5820,11780,8592,96,0.23,48276,PPF
36,4,9939,37006,59,23,487,850,14,26,6818,22100,13370,618,0.18,366011,PPF
33,4,12135,31619,61,28,391,630,18,24,7038,15120,10720,0,0.0,31619,PPF
50,2,12464,22567,59,9,503,623,11,24,5533,14952,9852,0,0.0,22567,PPF
34,1,4642,14054,62,28,560,815,15,25,8400,20375,13750,2004,0.22,1740731,PPF
23,3,13418,346,57,34,346,470,17,25,5882,11750,8568,0,0.0,346,PPF
25,2,6633,24303,56,31,340,701,10,23,3400,16123,8588,352,0.18,379740,PPF
45,4,7693,46635,64,19,329,468,17,26,5593,12168,8567,87,0.1,36851,PPF
53,1,3550,39289,59,6,561,875,13,24,7293,21000,13283,1265,0.13,109307,PPF
22,1,13731,18,60,38,380,474,14,22,5320,10428,7686,0,0.0,18,Post Office RD
42,3,9642,38409,65,23,402,717,10,23,4020,16491,9231,0,0.0,38409,PPF
24,4,7661,47588,56,32,586,934,15,22,8790,20548,14060,1856,0.29,2148656,PPF
37,4,6187,29803,58,21,506,850,10,16,5060,13600,8814,368,0.14,185058,PPF
52,4,4185,32975,56,4,450,674,11,25,4950,16850,10116,1186,0.2,64160,PPF
36,4,7098,45494,63,27,526,769,17,22,8942,16918,12626,1382,0.25,1114648,PPF
49,3,12614,1792,65,16,546,655,14,17,7644,11135,9307,0,0.0,1792,PPF
44,1,6767,20691,65,21,511,741,18,24,9198,17784,13146,638,0.1,320834,PPF
36,2,4523,26144,58,22,475,563,18,21,8550,11823,10120,1119,0.2,611227,PPF
42,4,7408,11978,58,16,397,702,13,18,5161,12636,8517,277,0.25,88942,PPF
36,1,6322,16364,58,22,482,611,11,14,5302,8554,6831,143,0.28,78110,Post Office RD
51,0,11871,2769,64,13,546,786,15,24,8190,18864,12987,312,0.28,73460,PPF
37,1,11374,18367,62,25,503,666,12,14,6036,9324,7598,0,0.0,18367,Post Office RD
53,3,11859,2134,61,8,557,784,16,20,8912,15680,12069,40,0.19,4913,PPF
27,3,8171,45168,63,36,304,360,13,21,3952,7560,5644,0,0.0,45168,Post Office RD
26,2,13039,17019,60,34,395,725,14,19,5530,13775,9240,0,0.0,17019,PPF
37,4,8621,23981,62,25,394,699,16,21,6304,14679,10110,268,0.18,185722,PPF
43,3,7581,29538,60,17,392,734,12,23,4704,16882,9852,545,0.24,192511,PPF
26,1,12098,28325,59,33,495,645,12,26,5940,16770,10830,0,0.0,28325,PPF
29,0,5893,27624,62,33,555,673,18,24,9990,16152,12894,1680,0.24,2085585,PPF
51,2,12210,37213,59,8,324,577,11,24,3564,13848,7883,0,0.0,37213,Post Office RD
30,1,7166,31230,55,25,349,629,15,21,5235,13209,8802,278,0.17,192652,PPF
55,2,8638,1299,63,8,510,622,15,26,7650,16172,11603,415,0.14,50974,PPF
54,2,8818,21305,57,3,561,860,17,20,9537,17200,13144,779,0.18,30643,PPF
38,1,5745,41981,62,24,472,737,16,19,7552,14003,10578,580,0.12,371847,PPF
41,2,8191,42795,58,17,449,635,16,22,7184,13970,10298,590,0.28,208406,PPF
43,4,10377,27131,64,21,385,529,10,14,3850,7406,5484,0,0.0,27131,Post Office RD
35,2,4311,13800,65,30,385,638,11,14,4235,8932,6393,229,0.11,230034,Post Office RD
50,0,3431,26018,63,13,568,660,11,17,6248,11220,8596,1136,0.22,267468,PPF
25,3,8068,15031,65,40,426,621,17,21,7242,13041,9946,244,0.13,485924,PPF
30,0,13871,23385,55,25,466,759,17,23,7922,17457,12250,0,0.0,23385,PPF
55,1,11835,11602,62,7,533,906,16,26,8528,23556,15109,753,0.23,78368,NPS
54,2,10891,35367,59,5,416,511,17,23,7072,11753,9270,0,0.0,35367,PPF
43,2,5551,19894,61,18,305,355,18,26,5490,9230,7260,427,0.25,165400,Post Office RD
28,2,10687,35068,60,32,304,605,17,23,5168,13915,9090,0,0.0,35068,PPF
20,2,12781,15152,61,41,303,633,15,20,4545,12660,8190,0,0.0,15152,PPF
46,3,9467,16377,63,17,383,763,16,24,6128,18312,11460,279,0.14,98551,PPF
25,1,11464,40187,61,36,439,634,18,26,7902,16484,11803,51,0.15,77771,PPF
32,1,5238,18978,56,24,356,732,17,26,6052,19032,11696,969,0.15,621241,PPF
51,2,3317,9971,58,7,325,648,10,14,3250,9072,5838,731,0.29,76078,Post Office RD
38,1,10183,47651,59,21,304,473,11,15,3344,7095,5050,0,0.0,47651,Post Office RD
20,1,8601,27541,62,42,459,764,15,24,6885,18336,11924,798,0.24,1811588,PPF
22,0,5393,3672,60,38,436,686,11,21,4796,14406,8976,681,0.19,1187840,PPF
32,3,3206,7992,59,27,427,674,17,22,7259,14828,10734,1882,0.25,1517921,PPF
22,3,4539,34153,58,36,406,698,16,22,6496,15356,10488,1725,0.29,2630485,PPF
30,0,12004,34139,65,35,362,541,17,23,6154,12443,9030,0,0.0,34139,PPF
32,0,13923,14272,60,28,357,527,16,23,5712,12121,8619,0,0.0,14272,PPF
20,2,12579,7841,57,37,502,676,10,12,5020,8112,6479,0,0.0,7841,Post Office RD
50,1,9084,5864,64,14,427,557,17,20,7259,11140,9102,4,0.24,1049,PPF
41,0,3979,23299,65,24,378,702,11,15,4158,10530,7020,608,0.2,389798,Post Office RD
40,2,10187,48050,63,23,398,458,16,23,6368,10534,8346,0,0.0,48050,PPF
28,0,10951,46309,59,31,524,860,14,24,7336,20640,13148,527,0.24,568531,PPF
32,1,11906,22784,64,32,465,754,14,25,6510,18850,11885,0,0.0,22784,PPF
55,0,11702,10159,57,2,530,731,14,24,7420,17544,11979,47,0.17,1195,PPF
20,4,9210,48080,65,45,394,453,15,26,5910,11778,8681,0,0.0,48080,PPF
35,0,13785,35321,60,25,498,645,18,25,8964,16125,12287,0,0.0,35321,PPF
51,1,13044,18555,63,12,465,724,15,18,6975,13032,9809,0,0.0,18555,PPF
26,0,3717,8504,63,37,391,457,13,16,5083,7312,6148,486,0.2,792816,Post Office RD
26,4,13514,25467,55,29,550,869,14,16,7700,13904,10642,0,0.0,25467,PPF
43,4,4161,857,58,15,406,791,17,20,6902,15820,11072,1313,0.19,381845,PPF
23,4,9814,24187,60,37,329,694,14,24,4606,16656,9718,0,0.0,24187,PPF
22,2,4276,14149,56,34,565,664,11,24,6215,15936,10753,972,0.15,1293074,PPF
44,1,11621,43049,58,14,427,768,12,22,5124,16896,10157,0,0.0,43049,PPF
55,0,13463,37785,61,6,483,878,17,25,8211,21950,14290,232,0.28,20047,PPF
30,4,9579,33075,57,27,472,858,12,22,5664,18876,11305,518,0.3,417791,PPF
48,2,12012,21276,60,12,490,751,16,23,7840,17273,12099,19,0.22,3993,PPF
54,3,12015,48796,58,4,430,664,17,26,7310,17264,11760,0,0.0,48796,PPF
45,0,7660,39043,55,10,308,623,12,18,3696,11214,6982,0,0.0,39043,Post Office RD
20,1,6519,20637,59,39,311,502,18,24,5598,12048,8536,424,0.21,790411,PPF
29,0,10542,23308,56,27,379,499,14,21,5306,10479,7682,0,0.0,23308,Post Office RD
35,2,7920,6023,58,23,592,846,13,26,7696,21996,14020,732,0.12,433528,PPF
40,1,10999,45193,62,22,595,693,14,16,8330,11088,9660,0,0.0,45193,PPF
44,0,8478,22801,56,12,522,785,11,26,5742,20410,12089,903,0.25,189766,PPF
20,3,3886,19974,65,45,568,639,15,25,8520,15975,12070,1719,0.21,4737551,PPF
40,1,5509,3310,63,23,501,779,18,20,9018,15580,12160,931,0.14,551386,PPF
38,1,5165,22031,61,23,342,635,10,20,3420,12700,7327,389,0.18,230386,Post Office RD
25,4,10118,45735,61,36,366,485,17,22,6222,10670,8297,0,0.0,45735,PPF
51,4,6212,36776,61,10,568,744,13,16,7384,11904,9512,495,0.15,81120,PPF
47,4,4467,7374,60,13,511,777,15,22,7665,17094,11914,1043,0.14,245572,PPF
42,0,7994,11092,64,22,479,844,17,21,8143,17724,12568,869,0.19,474670,PPF
34,2,5555,49658,58,24,343,450,10,15,3430,6750,4956,0,0.0,49658,Post Office RD
29,0,8624,45468,59,30,356,562,17,26,6052,14612,9868,124,0.1,124560,PPF
33,1,6339,35810,63,30,567,749,18,23,10206,17227,13489,1573,0.22,1580102,PPF
29,0,9170,38207,65,36,569,641,14,18,7966,11538,9680,56,0.11,85395,PPF
32,2,3869,30471,64,32,304,388,16,22,4864,8536,6574,622,0.23,720078,Post Office RD
43,0,7792,42559,56,13,497,665,16,26,7952,17290,12201,1323,0.3,311497,PPF
26,3,12782,34836,60,34,345,490,13,23,4485,11270,7515,0,0.0,34836,Post Office RD
49,0,3651,16213,63,14,571,777,15,24,8565,18648,13143,1709,0.18,448279,PPF
30,2,8765,23290,55,25,454,624,18,22,8172,13728,10780,524,0.26,363129,PPF
36,0,12092,18362,61,25,415,542,15,23,6225,12466,9091,0,0.0,18362,PPF
28,3,11531,44433,56,28,416,679,13,24,5408,16296,10128,0,0.0,44433,PPF
29,2,12918,21580,61,32,529,856,12,17,6348,14552,10041,0,0.0,21580,PPF
28,4,6314,9051,64,36,458,776,12,20,5496,15520,9872,1067,0.3,1627088,PPF
29,4,5589,20807,65,36,334,669,18,25,6012,16725,10782,623,0.12,950024,PPF
40,0,8221,27134,57,17,510,715,17,23,8670,16445,12250,524,0.13,185093,PPF
32,1,6026,1716,56,24,436,796,13,24,5668,19104,11396,806,0.15,516739,PPF
21,0,10808,8787,60,39,557,916,17,24,9469,21984,15098,601,0.14,1120370,NPS
44,3,5253,10733,62,18,398,563,10,18,3980,10134,6727,368,0.25,142546,Post Office RD
20,3,6646,48651,59,39,403,557,11,15,4433,8355,6240,0,0.0,48651,Post Office RD
48,3,8323,29985,64,16,426,694,16,18,6816,12492,9520,263,0.22,84447,PPF
44,3,13018,48658,60,16,592,946,18,24,10656,22704,16149,720,0.23,231186,NPS
22,0,10399,29943,63,41,321,496,18,24,5778,11904,8578,0,0.0,29943,PPF
45,4,9347,33824,55,10,325,472,14,23,4550,10856,7372,0,0.0,33824,Post Office RD
45,2,10558,10910,59,14,516,716,10,23,5160,16468,10164,0,0.0,10910,PPF
53,3,13585,29602,57,4,346,652,11,15,3806,9780,6487,0,0.0,29602,Post Office RD
54,3,9775,21198,57,3,530,592,12,21,6360,12432,9256,0,0.0,21198,PPF
32,0,7097,21238,62,30,383,496,11,14,4213,6944,5493,0,0.0,21238,Post Office RD
48,2,4397,34328,65,17,496,807,12,20,5952,16140,10424,1266,0.21,447191,PPF
22,2,12265,43222,57,35,376,509,12,16,4512,8144,6195,0,0.0,43222,Post Office RD
23,2,8071,47851,61,38,528,725,12,15,6336,10875,8457,108,0.28,188380,PPF
32,4,7146,800,55,23,534,838,17,19,9078,15922,12348,1144,0.22,677536,PPF
51,1,12647,43219,58,7,543,825,16,25,8688,20625,14022,165,0.12,17172,PPF
20,4,7556,40616,58,38,585,741,10,14,5850,10374,7956,52,0.13,90701,Post Office RD
42,1,3531,43712,55,13,595,953,14,21,8330,20013,13545,2804,0.28,660194,PPF
23,3,5920,10573,56,33,445,807,18,21,8010,16947,12207,1823,0.29,2263108,PPF
43,0,7903,21156,55,12,488,732,11,25,5368,18300,10980,585,0.19,122938,PPF
55,2,10713,8817,56,1,362,552,15,25,5430,13800,9140,0,0.0,8817,PPF
46,1,6425,40111,63,17,329,434,18,20,5922,8680,7248,165,0.2,58283,Post Office RD
38,4,8185,17017,61,23,569,913,15,19,8535,17347,12597,971,0.22,575076,PPF
51,3,11069,11790,63,12,419,617,13,15,5447,9255,7252,0,0.0,11790,Post Office RD
27,3,13247,7728,55,28,406,771,16,24,6496,18504,11770,0,0.0,7728,PPF
22,2,12181,41779,60,38,408,463,13,26,5304,12038,8492,0,0.0,41779,PPF
38,0,8042,19679,59,21,559,890,15,17,8385,15130,11592,426,0.12,214224,PPF
41,3,12321,40369,60,19,314,453,13,20,4082,9060,6327,0,0.0,40369,Post Office RD
41,3,10774,2330,65,24,369,665,12,24,4428,15960,9306,0,0.0,2330,PPF
49,2,10577,27128,63,14,328,644,14,25,4592,16100,9477,0,0.0,27128,PPF
40,4,3306,13648,63,23,595,995,15,22,8925,21890,14707,1254,0.11,742683,PPF
29,0,8556,24591,59,30,573,707,16,20,9168,14140,11520,652,0.22,654944,PPF
39,0,7448,27123,60,21,344,648,13,20,4472,12960,8184,140,0.19,70402,PPF
39,4,7953,11469,58,19,357,598,10,24,3570,14352,8117,23,0.14,9742,PPF
25,4,3408,31631,62,37,556,684,13,20,7228,13680,10230,1910,0.28,3115798,PPF
53,2,5347,6439,59,6,564,960,12,17,6768,16320,11049,1368,0.24,118207,PPF
49,4,4897,269,61,12,459,531,11,18,5049,9558,7177,433,0.19,90995,Post Office RD
22,4,13796,48860,56,34,459,520,14,26,6426,13520,9790,0,0.0,48860,PPF
33,1,6154,18780,60,27,441,763,15,24,6615,18312,11739,1285,0.23,1036413,PPF
37,1,7483,7501,57,20,307,675,18,24,5526,16200,10311,339,0.12,156632,PPF
54,4,8218,17763,60,6,372,567,13,17,4836,9639,7042,0,0.0,17763,Post Office RD
24,4,8549,35427,59,35,527,602,12,14,6324,8428,7338,0,0.0,35427,Post Office RD
50,0,4735,25139,65,15,327,421,16,24,5232,10104,7480,384,0.14,111674,Post Office RD
48,2,8119,21779,64,16,401,794,18,20,7218,15880,11352,938,0.29,301184,PPF
49,1,4522,45783,64,15,539,638,17,23,9163,14674,11770,1740,0.24,506025,PPF
49,1,6666,9418,62,13,432,668,16,20,6912,13360,9900,776,0.24,182707,PPF
41,3,10987,1983,60,19,333,626,11,18,3663,11268,6952,0,0.0,1983,Post Office RD
50,1,7624,22846,62,12,594,709,18,20,10692,14180,12378,856,0.18,179889,PPF
26,4,13640,4648,60,34,454,776,17,25,7718,19400,12915,0,0.0,4648,PPF
46,4,6992,35910,58,12,381,677,16,19,6096,12863,9257,385,0.17,80908,PPF
47,4,8606,35686,61,14,420,558,11,24,4620,13392,8557,0,0.0,35686,PPF
51,4,12766,30337,56,5,466,800,11,26,5126,20800,11710,0,0.0,30337,PPF
48,2,9648,4561,57,9,355,755,16,23,5680,17365,10822,235,0.2,33544,PPF
23,1,5276,38061,56,33,300,425,12,21,3600,8925,5981,148,0.21,183730,Post Office RD
44,4,10326,12823,64,20,405,803,15,21,6075,16863,10872,115,0.21,53135,PPF
39,2,4462,38189,61,22,304,667,18,23,5472,15341,9952,1482,0.27,809507,PPF
38,2,11992,3481,55,17,300,636,15,18,4500,11448,7722,0,0.0,3481,Post Office RD
38,1,10073,46020,55,17,501,871,15,23,7515,20033,13034,533,0.18,188272,PPF
47,1,13854,11364,63,16,543,664,13,23,7059,15272,10863,0,0.0,11364,PPF
44,3,5527,18905,60,16,364,482,10,13,3640,6266,4864,0,0.0,18905,Post Office RD
21,3,13779,28621,57,36,369,462,12,24,4428,11088,7479,0,0.0,28621,Post Office RD
46,4,9974,40845,62,16,392,674,18,23,7056,15502,10926,200,0.21,64218,PPF
48,2,6698,12176,61,13,517,876,10,21,5170,18396,10795,819,0.2,192831,PPF
35,2,9731,35793,63,28,595,832,10,12,5950,9984,7848,0,0.0,35793,Post Office RD
50,0,12507,31557,60,10,340,462,18,26,6120,12012,8822,0,0.0,31557,PPF
37,4,4281,34298,62,25,345,520,17,20,5865,10400,8001,893,0.24,618844,PPF
54,2,13044,3458,64,10,475,798,10,19,4750,15162,9229,0,0.0,3458,PPF
49,3,12403,48091,63,14,469,734,15,21,7035,15414,10827,0,0.0,48091,PPF
38,0,12791,49114,57,19,455,793,14,16,6370,12688,9360,0,0.0,49114,PPF
50,1,12385,3382,64,14,449,818,10,16,4490,13088,8235,0,0.0,3382,PPF
51,1,11283,5037,56,5,442,621,12,23,5304,14283,9301,0,0.0,5037,PPF
37,2,3232,48590,59,22,357,716,12,23,4284,16468,9388,1539,0.25,840642,PPF
48,1,7280,45925,60,12,420,718,12,26,5040,18668,10811,742,0.21,155931,PPF
22,0,5376,39029,60,38,378,681,16,24,6048,16344,10590,782,0.15,1364011,PPF
48,1,6454,37863,65,17,476,553,14,17,6664,9401,7974,167,0.11,58990,Post Office RD
49,3,7937,31212,61,12,572,741,16,24,9152,17784,13130,987,0.19,207418,PPF
29,3,3194,18926,63,34,529,774,15,25,7935,19350,13030,2361,0.24,3140893,PPF
22,4,13443,23188,56,34,521,883,14,21,7294,18543,12285,0,0.0,23188,PPF
37,0,7183,42883,59,22,599,849,17,22,10183,18678,14118,1734,0.25,947156,PPF
32,2,5947,20530,63,31,580,635,10,25,5800,15875,10631,515,0.11,555586,PPF
46,4,4702,44924,56,10,528,757,13,26,6864,19682,12528,1252,0.16,205177,PPF
32,0,13148,6025,55,23,329,683,13,24,4277,16392,9361,0,0.0,6025,PPF
27,0,12907,8513,56,29,492,878,12,15,5904,13170,9247,0,0.0,8513,PPF
31,2,10650,43285,59,28,338,715,17,23,5746,16445,10530,0,0.0,43285,PPF
47,2,7216,10614,65,18,337,528,10,18,3370,9504,6055,0,0.0,10614,Post Office RD
44,0,7230,17345,60,16,391,666,11,20,4301,13320,8191,288,0.3,92474,PPF
32,3,5923,42302,64,32,551,656,12,22,6612,14432,10259,1084,0.25,1254926,PPF
33,0,10234,46884,64,31,432,534,10,13,4320,6942,5554,0,0.0,46884,Post Office RD
24,2,10305,1229,64,40,554,680,10,26,5540,17680,11106,88,0.11,175251,PPF
44,1,8403,25646,59,15,594,645,18,25,10692,16125,13319,1426,0.29,414707,PPF
51,3,9617,47694,62,11,335,661,13,15,4355,9915,6972,0,0.0,47694,Post Office RD
44,0,12293,35081,62,18,483,703,14,22,6762,15466,10674,0,0.0,35081,PPF
23,0,8985,35037,65,42,474,565,17,23,8058,12995,10390,323,0.23,733262,PPF
31,0,9294,43301,63,32,397,600,16,19,6352,11400,8723,0,0.0,43301,PPF
42,0,13367,28703,62,20,397,518,10,15,3970,7770,5718,0,0.0,28703,Post Office RD
21,1,11015,25478,64,43,332,658,14,23,4648,15134,9157,0,0.0,25478,PPF
54,0,3606,22235,62,8,328,550,10,18,3280,9900,6146,305,0.12,37463,Post Office RD
53,4,5440,48565,62,9,596,765,11,13,6556,9945,8166,682,0.25,97349,PPF
51,0,10720,40525,65,14,323,497,12,14,3876,6958,5330,0,0.0,40525,Post Office RD
31,0,8035,6376,65,34,533,895,12,23,6396,20585,12495,491,0.11,653189,PPF
26,3,12748,40345,56,30,412,494,13,21,5356,10374,7701,0,0.0,40345,Post Office RD
41,3,8312,7916,65,24,594,923,12,19,7128,17537,11756,930,0.27,596238,PPF
33,4,5841,21987,55,22,332,443,14,18,4648,7974,6200,90,0.25,49160,Post Office RD
30,4,5703,28748,60,30,424,771,10,14,4240,10794,7170,176,0.12,176795,Post Office RD
44,0,10978,5290,57,13,303,356,12,15,3636,5340,4448,0,0.0,5290,Post Office RD
38,3,5079,13510,61,23,373,750,14,24,5222,18000,10668,1062,0.19,628971,PPF
35,4,3616,39077,57,22,392,697,11,23,4312,16031,9256,1523,0.27,831902,PPF
39,3,3074,36550,60,21,420,568,11,21,4620,11928,7904,1449,0.3,728665,Post Office RD
43,4,6592,30422,63,20,406,597,10,15,4060,8955,6268,0,0.0,30422,Post Office RD
27,3,11151,11555,57,30,381,774,10,12,3810,9288,6352,0,0.0,11555,Post Office RD
43,1,10121,16474,59,16,471,836,17,19,8007,15884,11763,197,0.12,63255,PPF
23,1,5589,1904,63,40,548,861,11,14,6028,12054,8806,901,0.28,1794333,PPF
48,4,8340,27463,64,16,401,797,15,20,6015,15940,10482,557,0.26,178848,PPF
40,0,6884,48349,58,18,511,663,16,21,8176,13923,10859,437,0.11,169273,PPF
51,3,5374,14166,55,4,532,673,16,23,8512,15479,11748,829,0.13,44847,PPF
32,2,7418,13252,65,33,471,586,10,23,4710,13478,8720,273,0.21,338908,PPF
37,0,10627,30053,57,20,514,651,15,20,7710,13020,10193,0,0.0,30053,PPF
38,1,13452,40077,64,26,387,732,18,26,6966,19032,12309,0,0.0,40077,PPF
34,3,11548,32061,56,22,410,762,17,26,6970,19812,12599,168,0.16,91766,PPF
47,1,8362,28458,58,11,596,759,12,23,7152,17457,11856,978,0.28,182224,PPF
46,0,10711,48069,55,9,558,625,16,26,8928,16250,12421,308,0.18,43964,PPF
26,3,6940,5445,62,36,585,641,16,21,9360,13461,11340,572,0.13,872254,PPF
38,0,3260,31443,58,20,456,588,17,19,7752,11172,9396,1841,0.3,850617,PPF
49,3,6030,24275,57,8,537,911,10,25,5370,22775,12670,1527,0.23,187559,PPF
44,4,3535,19437,60,16,518,706,18,24,9324,16944,12852,2422,0.26,777683,PPF
25,2,3898,33733,64,39,486,562,11,19,5346,10678,7860,674,0.17,1256455,Post Office RD
22,2,5871,42478,60,38,586,670,18,25,10548,16750,13502,1908,0.25,3328047,PPF
28,1,11841,7442,60,32,544,891,13,26,7072,23166,13991,538,0.25,622832,PPF
40,2,11250,44579,60,20,516,707,10,13,5160,9191,7032,0,0.0,44579,Post Office RD
43,3,10966,32863,60,17,569,681,17,23,9673,15663,12500,291,0.19,102790,PPF
43,0,6085,30007,65,22,344,435,16,20,5504,8700,7011,148,0.16,80841,Post Office RD
24,1,7521,7341,56,32,375,679,12,17,4500,11543,7641,24,0.2,27784,Post Office RD
21,3,11870,8652,59,38,542,769,16,25,8672,19225,13437,392,0.25,683750,PPF
21,1,4031,1444,59,38,418,734,15,23,6270,16882,10944,1521,0.22,2653018,PPF
40,4,13909,45669,62,22,571,901,17,26,9707,23426,15824,306,0.16,167145,NPS
28,1,7259,14862,59,31,547,787,14,16,7658,12592,10005,357,0.13,385134,PPF
38,1,13135,10537,62,24,574,770,12,16,6888,12320,9408,0,0.0,10537,PPF
29,1,4915,2696,57,28,462,806,12,21,5544,16926,10461,832,0.15,722699,PPF
31,4,3568,43617,58,27,462,688,12,19,5544,13072,8912,1015,0.19,818645,PPF
30,2,4990,1633,63,33,507,812,12,21,6084,17052,10881,1708,0.29,2120345,PPF
29,4,11313,21710,55,26,451,743,14,25,6314,18575,11641,75,0.23,56105,PPF
48,0,10847,2626,60,12,371,768,18,20,6678,15360,10820,0,0.0,2626,PPF
39,3,13117,14441,55,16,528,760,11,18,5808,13680,9338,0,0.0,14441,PPF
23,1,12558,34500,64,41,413,605,13,15,5369,9075,7126,0,0.0,34500,Post Office RD
25,3,4431,33540,63,38,501,650,17,24,8517,15600,11797,1621,0.22,2827444,PPF
52,2,9513,9695,55,3,518,757,16,23,8288,17411,12431,292,0.1,11486,PPF
42,2,10300,36767,60,18,344,504,17,25,5848,12600,8904,0,0.0,36767,PPF
48,1,9944,47749,59,11,512,633,11,15,5632,9495,7442,0,0.0,47749,Post Office RD
33,3,11606,21981,59,26,333,685,16,19,5328,13015,8907,0,0.0,21981,PPF
20,2,9791,11461,61,41,584,870,12,17,7008,14790,10541,105,0.14,223299,PPF
44,4,11037,2767,59,15,454,803,14,23,6356,18469,11627,124,0.21,36062,PPF
49,0,3040,10094,58,9,434,637,17,20,7378,12740,9906,1579,0.23,225386,PPF
38,1,11059,45078,61,23,425,489,11,25,4675,12225,8226,0,0.0,45078,PPF
37,0,12812,48861,62,25,485,832,17,25,8245,20800,13828,274,0.27,189880,PPF
50,2,11397,48035,56,6,594,652,14,18,8316,11736,9968,0,0.0,48035,PPF
23,2,10553,45434,57,34,369,601,12,14,4428,8414,6305,0,0.0,45434,Post Office RD
37,3,13424,23329,60,23,324,522,14,24,4536,12528,8037,0,0.0,23329,PPF
24,1,13289,12009,63,39,348,704,12,22,4176,15488,8942,0,0.0,12009,PPF
40,2,7447,44921,60,20,485,584,18,24,8730,14016,11224,642,0.17,296630,PPF
29,1,11489,18442,55,26,490,788,16,23,7840,18124,12460,272,0.28,203476,PPF
30,1,5532,32989,56,26,413,559,18,24,7434,13416,10206,1122,0.24,839337,PPF
53,4,4867,27351,63,10,535,624,11,26,5885,16224,10720,761,0.13,124712,PPF
21,2,8104,45288,62,41,485,606,17,24,8245,14544,11182,400,0.13,850663,PPF
39,0,6643,8435,55,16,372,538,14,18,5208,9684,7280,89,0.14,28577,Post Office RD
25,0,4273,1232,61,36,547,817,10,15,5470,12255,8525,510,0.12,777709,PPF
52,0,10685,7793,64,12,429,501,11,17,4719,8517,6510,0,0.0,7793,Post Office RD
20,0,12859,13461,56,36,600,752,12,24,7200,18048,12168,0,0.0,13461,PPF
42,0,5384,48902,55,13,442,788,15,22,6630,17336,11377,779,0.13,183413,PPF
52,1,11272,37370,64,12,334,434,10,20,3340,8680,5760,0,0.0,37370,Post Office RD
33,2,5814,49415,58,25,575,627,11,16,6325,10032,8113,644,0.28,446288,PPF
50,4,6033,28813,60,10,354,496,15,23,5310,11408,8075,368,0.18,60308,PPF
52,3,4848,49899,58,6,460,573,17,20,7820,11460,9555,941,0.2,81311,PPF
51,2,12128,47325,60,9,320,412,15,24,4800,9888,7137,0,0.0,47325,Post Office RD
27,2,10486,39347,61,34,459,736,13,23,5967,16928,10755,48,0.18,63856,PPF
47,0,10793,44507,58,11,488,629,10,22,4880,13838,8936,0,0.0,44507,PPF
51,0,9494,28708,65,14,567,954,11,14,6237,13356,9506,2,0.13,525,PPF
45,0,5764,4240,64,19,486,637,15,20,7290,12740,9826,894,0.22,378680,PPF
45,1,9958,47526,56,11,555,747,14,26,7770,19422,13020,888,0.29,165454,PPF
42,4,9626,31754,62,20,561,753,12,26,6732,19578,12483,543,0.19,250888,PPF
27,3,11147,15127,59,32,368,433,11,24,4048,10392,7008,0,0.0,15127,Post Office RD
23,3,3438,11737,56,33,495,854,15,19,7425,16226,11466,1284,0.16,1593983,PPF
26,4,11064,30541,56,30,403,603,17,26,6851,15678,10814,0,0.0,30541,PPF
52,4,8629,35424,59,7,579,638,10,18,5790,11484,8519,0,0.0,35424,PPF
27,3,8153,24663,61,34,526,811,10,12,5260,9732,7353,0,0.0,24663,Post Office RD
31,2,5689,32209,63,32,520,638,14,22,7280,14036,10422,947,0.2,1096324,PPF
27,3,13814,36292,64,37,576,918,17,26,9792,23868,16060,472,0.21,769977,NPS
30,0,9412,17261,63,33,553,905,16,23,8848,20815,14215,1201,0.25,1490945,PPF
38,0,3461,38696,60,22,323,438,15,22,4845,9636,7039,930,0.26,507990,Post Office RD
21,2,9235,6379,65,44,519,745,15,23,7785,17135,12008,471,0.17,1217189,PPF
35,1,13618,20453,58,23,343,426,14,17,4802,7242,5959,0,0.0,20453,Post Office RD
41,0,11821,21372,57,16,319,604,16,26,5104,15704,9691,0,0.0,21372,PPF
46,0,10695,38534,59,13,311,523,16,24,4976,12552,8340,0,0.0,38534,PPF
40,0,11001,6557,64,24,405,627,17,24,6885,15048,10578,0,0.0,6557,PPF
30,2,8952,28573,64,34,403,707,11,26,4433,18382,10267,355,0.27,472265,PPF
33,2,3778,19485,59,26,593,848,13,24,7709,20352,13329,2388,0.25,1786396,PPF
25,0,12697,22075,64,39,439,523,18,23,7902,12029,9860,0,0.0,22075,PPF
47,2,4256,42699,58,11,454,762,14,22,6356,16764,10944,1538,0.23,286564,PPF
40,3,9591,16466,58,18,563,845,18,21,10134,17745,13728,1158,0.28,448555,PPF
53,4,11178,13956,57,4,539,726,18,26,9702,18876,13915,602,0.22,32567,PPF
47,0,11556,13149,64,17,486,772,12,17,5832,13124,9120,0,0.0,13149,PPF
29,2,10133,26886,65,36,463,545,13,21,6019,11445,8568,0,0.0,26886,PPF
37,1,7201,45013,59,22,420,677,13,16,5460,10832,7953,98,0.13,53530,Post Office RD
21,2,10604,31810,58,37,586,859,16,18,9376,15462,12282,235,0.14,383357,PPF
37,0,7233,18204,57,20,581,721,10,23,5810,16583,10741,702,0.2,324353,PPF
21,0,8143,39426,55,34,452,534,16,23,7232,12282,9613,338,0.23,449649,PPF
25,1,6867,7335,61,36,592,898,11,21,6512,18858,11920,1162,0.23,1771956,PPF
53,3,4478,15602,59,6,362,572,15,26,5430,14872,9573,1274,0.25,110085,PPF
35,1,5363,7000,61,26,389,548,14,23,5446,12604,8667,595,0.18,445103,PPF
23,4,9139,45850,62,39,357,569,18,23,6426,13087,9491,67,0.19,124900,PPF
35,1,8947,31144,59,24,488,695,10,22,4880,15290,9464,150,0.29,96167,PPF
22,0,6926,16579,65,43,582,828,14,26,8148,21528,14100,2080,0.29,5038830,PPF
43,0,11763,15491,65,22,526,774,10,26,5260,20124,11700,0,0.0,15491,PPF
45,2,4478,49588,59,14,420,622,13,17,5460,10574,7815,934,0.28,244993,Post Office RD
40,3,3555,17959,65,25,341,642,17,25,5797,16050,10321,1962,0.29,1359654,PPF
41,0,5627,45775,61,20,433,742,11,18,4763,13356,8518,520,0.18,240261,PPF
55,3,3448,49936,60,5,326,704,12,24,3912,16896,9270,1106,0.19,77166,PPF
28,3,6278,41176,55,27,456,666,11,14,5016,9324,7012,95,0.13,76622,Post Office RD
53,1,12732,44941,65,12,510,723,17,26,8670,18798,13254,141,0.27,29631,PPF
28,1,12716,21468,59,31,444,595,11,19,4884,11305,7792,0,0.0,21468,Post Office RD
43,3,9182,37381,57,14,414,474,10,26,4140,12324,7992,0,0.0,37381,Post Office RD
55,4,13266,14988,65,10,345,631,13,19,4485,11989,7808,0,0.0,14988,Post Office RD
30,3,13125,28108,55,25,433,559,11,18,4763,10062,7192,0,0.0,28108,Post Office RD
30,0,3231,47093,64,34,569,841,17,26,9673,21866,15157,1431,0.12,1903693,NPS
33,2,7717,48918,58,25,553,798,12,20,6636,15960,10808,835,0.27,578650,PPF
33,1,9853,11820,59,26,509,633,10,16,5090,10128,7423,0,0.0,11820,Post Office RD
36,4,10388,16273,58,22,489,837,17,20,8313,16740,12265,188,0.1,102690,PPF
28,3,6476,46749,60,32,496,762,14,17,6944,12954,9749,393,0.12,454969,PPF
23,2,6847,30863,55,32,481,841,10,12,4810,10092,7271,64,0.15,74092,Post Office RD
44,3,13997,24307,59,15,367,703,10,21,3670,14763,8292,0,0.0,24307,PPF
31,1,11253,32298,59,28,473,762,12,15,5676,11430,8336,0,0.0,32298,PPF
40,3,5323,17065,63,23,359,569,10,14,3590,7966,5568,49,0.2,29020,Post Office RD
37,3,7635,17250,60,23,435,749,15,23,6525,17227,11248,1012,0.28,599358,PPF
40,1,12104,43084,62,22,525,602,13,17,6825,10234,8452,0,0.0,43084,PPF
23,1,3587,30818,58,35,433,566,17,25,7361,14150,10489,828,0.12,1179660,PPF
51,3,8841,46466,55,4,587,885,17,26,9979,23010,15824,838,0.12,45334,NPS
29,2,4533,13351,56,27,445,587,12,25,5340,14675,9546,1003,0.2,808967,PPF
37,4,6479,38243,64,27,302,621,12,20,3624,12420,7384,253,0.28,204056,Post Office RD
35,0,8384,1701,62,27,445,843,11,19,4895,16017,9660,217,0.17,175021,PPF
26,1,3473,5312,60,34,535,922,17,26,9095,23972,15662,2803,0.23,3728896,NPS
37,0,8397,2873,64,27,531,747,12,17,6372,12699,9265,234,0.27,188732,PPF
38,0,4158,35858,60,22,495,592,16,22,7920,13024,10326,864,0.14,471939,PPF
45,0,6411,10678,56,11,498,754,14,26,6972,19604,12520,1527,0.25,284515,PPF
29,2,11042,28335,56,27,458,858,12,19,5496,16302,10199,0,0.0,28335,PPF
26,4,6274,32087,60,34,528,776,17,23,8976,17848,13040,1421,0.21,1890389,PPF
47,3,9033,40230,56,9,395,667,16,19,6320,12673,9292,28,0.11,3997,PPF
41,1,13610,44973,62,21,379,682,18,25,6822,17050,11405,0,0.0,44973,PPF
53,2,10671,28662,56,3,340,634,14,18,4760,11412,7792,0,0.0,28662,Post Office RD
28,2,7073,34281,65,37,518,719,10,20,5180,14380,9277,264,0.12,430665,PPF
22,0,11366,27847,63,41,511,609,17,23,8687,14007,11200,0,0.0,27847,PPF
42,4,4339,32993,59,17,308,416,17,21,5236,8736,6878,660,0.26,233133,Post Office RD
45,0,9819,46162,55,10,452,662,17,26,7684,17212,11975,474,0.22,77679,PPF
36,1,6458,12129,60,24,340,699,14,26,4760,18174,10390,472,0.12,302607,PPF
54,0,9470,7646,55,1,306,443,17,26,5202,11518,8051,0,0.0,7646,PPF
45,4,10974,19844,65,20,484,878,16,22,7744,19316,12939,236,0.12,109042,PPF
28,1,4833,1041,55,27,396,459,13,22,5148,10098,7481,609,0.23,491187,Post Office RD
35,4,6127,5642,61,26,454,741,12,21,5448,15561,9858,672,0.18,502704,PPF
27,1,10295,31788,57,30,541,601,17,22,9197,13222,11134,117,0.14,117528,PPF
45,2,3129,6728,55,10,521,783,17,23,8857,18009,13040,1090,0.11,178628,PPF
45,4,12683,47488,62,17,549,717,10,20,5490,14340,9495,0,0.0,47488,PPF
21,4,8174,36258,61,40,332,519,16,25,5312,12975,8722,66,0.12,131438,PPF
42,3,3340,10573,62,20,447,595,17,24,7599,14280,10680,1395,0.19,644547,PPF
52,4,8556,39459,58,6,539,656,14,22,7546,14432,10755,638,0.29,55129,PPF
43,1,13188,13579,62,19,444,538,17,21,7548,11298,9329,0,0.0,13579,PPF
31,1,12924,32255,58,27,351,613,17,23,5967,14099,9640,0,0.0,32255,PPF
35,4,3770,1188,58,23,483,666,15,19,7245,12654,9766,779,0.13,461364,PPF
52,0,8533,28221,55,3,358,724,13,16,4654,11584,7844,0,0.0,28221,Post Office RD
55,3,7224,22303,58,3,481,554,18,22,8658,12188,10350,875,0.28,34419,PPF
52,0,3826,28693,64,12,534,640,11,25,5874,16000,10566,1483,0.22,311653,PPF
26,0,11311,6908,63,37,385,757,11,26,4235,19682,10563,0,0.0,6908,PPF
33,1,7786,46410,60,27,526,835,17,20,8942,16700,12589,624,0.13,503285,PPF
43,1,5014,13231,60,17,524,786,10,15,5240,11790,8187,857,0.27,302719,PPF
50,2,11274,11223,60,10,343,529,15,23,5145,12167,8284,0,0.0,11223,PPF
43,1,5483,49362,65,22,571,836,13,17,7423,14212,10552,1318,0.26,719926,PPF
46,3,11456,44708,61,15,485,550,17,21,8245,11550,9832,0,0.0,44708,PPF
20,0,4389,22171,63,43,461,716,12,20,5532,14320,9416,553,0.11,1339650,PPF
22,1,12413,3788,65,43,566,767,16,24,9056,18408,13330,257,0.28,622586,PPF
55,2,8638,517,59,4,443,763,12,25,5316,19075,11155,453,0.18,24506,PPF
33,4,13128,42731,63,30,526,752,16,21,8416,15792,11821,0,0.0,42731,PPF
39,0,11805,21921,56,17,499,613,18,24,8982,14712,11676,0,0.0,21921,PPF
38,0,11383,36161,58,20,459,775,15,19,6885,14725,10489,0,0.0,36161,PPF
21,4,12707,16953,55,34,423,628,16,26,6768,16328,11035,0,0.0,16953,PPF
27,2,7255,41090,55,28,559,790,11,13,6149,10270,8094,210,0.25,182412,PPF
27,2,12378,48290,62,35,302,584,15,20,4530,11680,7752,0,0.0,48290,Post Office RD
54,1,8739,19608,64,10,445,836,12,25,5340,20900,11849,560,0.18,91772,PPF
35,2,11461,38166,56,21,398,632,17,20,6766,12640,9527,0,0.0,38166,PPF
29,3,4342,6045,61,32,331,598,12,21,3972,12558,7664,465,0.14,538322,Post Office RD
24,4,9598,38550,60,36,586,901,16,22,9376,19822,14126,996,0.22,1518819,PPF
47,3,9830,10672,62,15,373,681,12,21,4476,14301,8695,0,0.0,10672,PPF
49,4,11669,7737,57,8,408,691,17,19,6936,13129,9891,0,0.0,7737,PPF
30,2,4945,39426,63,33,509,615,11,18,5599,11070,8149,673,0.21,835475,PPF
22,1,4929,24344,63,41,456,697,14,20,6384,13940,9800,974,0.2,2071364,PPF
29,4,9910,3188,57,28,456,651,13,17,5928,11067,8302,0,0.0,3188,PPF
51,0,11970,22849,55,4,334,406,16,25,5344,10150,7585,0,0.0,22849,Post Office RD
39,3,8534,24727,64,25,543,903,12,26,6516,23478,13737,676,0.13,468464,PPF
49,3,5440,47701,62,13,466,561,16,24,7456,13464,10270,724,0.15,170464,PPF
45,4,3750,43938,60,15,526,718,11,26,5786,18668,11507,1008,0.13,293145,PPF
21,2,12192,42281,64,43,363,742,18,20,6534,14840,10497,0,0.0,42281,PPF
32,4,12451,49651,64,32,327,668,18,21,5886,14028,9701,0,0.0,49651,PPF
50,0,4970,43139,63,13,572,714,10,16,5720,11424,8359,881,0.26,207429,PPF
35,3,4386,34966,64,29,464,719,10,19,4640,13661,8576,1131,0.27,1056964,PPF
21,3,5957,27193,60,39,312,632,15,23,4680,14536,8968,452,0.15,842608,PPF
27,4,5755,18700,56,29,373,516,14,17,5222,8772,6889,147,0.13,137377,Post Office RD
46,1,3965,40270,65,19,466,608,10,23,4660,13984,8860,538,0.11,227886,PPF
44,2,5334,27054,56,12,465,647,16,19,7440,12293,9730,484,0.11,101713,PPF
35,4,6874,32307,64,29,560,868,16,19,8960,16492,12495,843,0.15,787817,PPF
40,4,9669,4289,62,22,547,611,16,21,8752,12831,10711,292,0.28,159498,PPF
21,4,12603,44243,59,38,351,527,18,25,6318,13175,9438,0,0.0,44243,PPF
28,4,9664,29227,59,31,342,717,18,21,6156,15057,10325,172,0.26,185555,PPF
29,4,5755,16066,60,31,575,841,18,23,10350,19343,14514,963,0.11,1038891,PPF
49,2,13699,10969,64,15,300,380,17,23,5100,8740,6800,0,0.0,10969,Post Office RD
36,3,8757,41432,65,29,408,757,18,22,7344,16654,11650,318,0.11,297183,PPF
54,0,7925,5879,64,10,502,614,12,25,6024,15350,10323,504,0.21,82595,PPF
37,1,13001,33083,61,24,462,861,15,21,6930,18081,11907,0,0.0,33083,PPF
48,1,13850,21078,59,11,474,631,17,24,8058,15144,11326,0,0.0,21078,PPF
21,0,12974,31229,57,36,302,356,12,20,3624,7120,5264,0,0.0,31229,Post Office RD
55,3,11816,5318,62,7,339,664,10,26,3390,17264,9027,0,0.0,5318,PPF
48,0,8783,24666,65,17,483,731,12,26,5796,19006,11533,715,0.26,252560,PPF
20,3,9069,12647,56,36,527,581,13,26,6851,15106,10803,173,0.1,263811,PPF
37,2,6137,5896,65,28,455,618,13,22,5915,13596,9388,943,0.29,819117,PPF
22,3,12929,13702,59,37,303,453,16,19,4848,8607,6615,0,0.0,13702,Post Office RD
37,4,11093,11172,64,27,582,731,12,15,6984,10965,8862,0,0.0,11172,PPF
28,1,7253,37349,56,28,416,733,14,19,5824,13927,9479,601,0.27,522046,PPF
21,4,13067,16575,65,44,586,868,10,18,5860,15624,10178,0,0.0,16575,PPF
23,3,9666,17959,60,37,362,760,18,23,6516,17480,11500,367,0.2,598690,PPF
53,1,3769,18214,55,2,515,837,17,24,8755,20088,13858,1009,0.1,25661,PPF
32,0,12368,1662,60,28,415,681,11,16,4565,10896,7398,0,0.0,1662,Post Office RD
32,2,8092,4118,57,25,349,413,17,25,5933,10325,8001,0,0.0,4118,PPF
21,2,7102,16197,64,43,355,647,13,20,4615,12940,8266,314,0.27,760669,PPF
41,1,4194,39319,63,22,524,622,17,20,8908,12440,10600,769,0.12,420048,PPF
23,3,8132,45440,55,32,333,448,10,26,3330,11648,7029,0,0.0,45440,Post Office RD
48,2,13006,41037,55,7,521,604,11,23,5731,13892,9562,0,0.0,41037,PPF
23,0,7831,24999,63,40,505,604,16,21,8080,12684,10258,655,0.27,1304426,PPF
20,3,10605,28056,62,42,351,574,10,19,3510,10906,6706,0,0.0,28056,Post Office RD
53,4,6153,7078,60,7,352,408,11,22,3872,8976,6270,30,0.26,3122,Post Office RD
32,1,13442,33351,64,32,431,662,16,25,6896,16550,11203,0,0.0,33351,PPF
48,1,5255,2888,57,9,330,445,14,25,4620,11125,7556,437,0.19,62377,Post Office RD
42,4,11866,9543,59,17,375,665,14,25,5250,16625,10140,0,0.0,9543,PPF
41,2,3132,33926,59,18,600,986,12,14,7200,13804,10309,1077,0.15,417179,PPF
55,3,8633,12806,55,0,402,779,13,16,5226,12464,8562,0,0.0,12806,PPF
41,3,10657,39306,58,17,469,815,15,26,7035,21190,13161,401,0.16,141646,PPF
41,0,10443,2765,57,16,553,715,10,22,5530,15730,10144,0,0.0,2765,PPF
34,3,13222,13968,58,24,422,718,15,23,6330,16514,10830,0,0.0,13968,PPF
33,1,3110,23777,61,28,305,392,15,17,4575,6664,5576,518,0.21,449950,Post Office RD
29,3,6185,41375,59,30,599,833,10,12,5990,9996,7876,237,0.14,238070,Post Office RD
38,1,7292,47109,57,19,389,612,18,21,7002,12852,9759,345,0.14,146135,PPF
21,2,4657,1375,57,36,370,614,11,18,4070,11052,7134,718,0.29,1094892,Post Office RD
39,1,9056,24402,62,23,387,706,16,19,6192,13414,9563,61,0.12,36127,PPF
28,1,11725,24785,58,30,491,703,16,21,7856,14763,11044,0,0.0,24785,PPF
22,4,6098,35092,64,42,450,576,15,20,6750,11520,8977,317,0.11,719641,PPF
37,4,12569,32046,57,20,407,498,17,20,6919,9960,8371,0,0.0,32046,PPF
30,3,13568,49226,63,33,560,801,17,26,9520,20826,14630,149,0.14,184972,PPF
43,3,11106,31048,63,20,437,784,16,18,6992,14112,10378,0,0.0,31048,PPF
33,1,10406,15360,58,25,502,663,14,22,7028,14586,10485,22,0.28,15246,PPF
30,2,12020,5554,60,30,368,461,14,23,5152,10603,7668,0,0.0,5554,Post Office RD
53,1,12567,2696,60,7,538,850,15,23,8070,19550,13186,118,0.19,12281,PPF
47,2,11151,20776,61,14,439,684,10,14,4390,9576,6738,0,0.0,20776,Post Office RD
48,2,13573,4973,58,10,483,575,14,24,6762,13800,10051,0,0.0,4973,PPF
52,0,7528,14925,63,11,350,460,11,18,3850,8280,5872,0,0.0,14925,Post Office RD
22,1,8468,12887,63,41,468,646,14,26,6552,16796,11140,721,0.27,1533320,PPF
32,1,11898,17113,64,32,304,507,14,21,4256,10647,7096,0,0.0,17113,Post Office RD
45,4,13736,779,61,16,541,925,18,26,9738,24050,16126,693,0.29,222516,NPS
45,1,6438,31092,58,13,419,733,18,26,7542,19058,12672,1184,0.19,278770,PPF
49,0,8129,12310,60,11,519,782,13,22,6747,17204,11383,618,0.19,115147,PPF
55,2,5276,37847,55,0,365,571,10,19,3650,10849,6786,393,0.26,37847,Post Office RD
42,1,9867,27899,60,18,506,831,14,21,7084,17451,11698,403,0.22,156103,PPF
22,1,8410,37236,57,35,593,843,16,21,9488,17703,13283,1413,0.29,2013116,PPF
24,3,6085,31115,63,39,355,573,17,23,6035,13179,9280,383,0.12,713980,PPF
